station_id,station_name,lat,lon,station_type,timestamp,hour,day_of_week,month,year,is_weekend,pm25,temperature,humidity,wind_speed,wind_direction,precipitation,pressure,boundary_layer_height,traffic_activity_proxy,industrial_activity_proxy,dust_activity_proxy,data_status,source
DEMO-HADAPSAR,Hadapsar,18.5089,73.926,MPCB,2022-01-01 00:00:00,0,5,1,2022,1,165.7,10.5,46.7,2.6,118.2,0.0,938.1,200.0,0.835,0.4,0.21,SYNTHETIC,synthetic_demo_generator_v1
DEMO-HADAPSAR,Hadapsar,18.5089,73.926,MPCB,2022-01-01 01:00:00,1,5,1,2022,1,186.4,9.2,64.8,1.88,77.2,0.0,942.1,200.0,0.804,0.4,0.21,SYNTHETIC,synthetic_demo_generator_v1
DEMO-HADAPSAR,Hadapsar,18.5089,73.926,MPCB,2022-01-01 02:00:00,2,5,1,2022,1,142.7,12.1,59.3,1.47,97.0,0.0,943.3,200.0,0.791,0.4,0.21,SYNTHETIC,synthetic_demo_generator_v1
DEMO-HADAPSAR,Hadapsar,18.5089,73.926,MPCB,2022-01-01 03:00:00,3,5,1,2022,1,165.4,13.5,41.5,1.73,94.9,0.0,944.5,200.0,0.785,0.4,0.21,SYNTHETIC,synthetic_demo_generator_v1
DEMO-HADAPSAR,Hadapsar,18.5089,73.926,MPCB,2022-01-01 04:00:00,4,5,1,2022,1,127.2,14.2,49.7,1.71,78.5,0.0,940.0,200.0,0.804,0.4,0.21,SYNTHETIC,synthetic_demo_generator_v1
DEMO-HADAPSAR,Hadapsar,18.5089,73.926,MPCB,2022-01-01 05:00:00,5,5,1,2022,1,166.6,17.1,52.1,2.59,62.0,0.0,942.5,200.0,0.867,0.4,0.21,SYNTHETIC,synthetic_demo_generator_v1
DEMO-HADAPSAR,Hadapsar,18.5089,73.926,MPCB,2022-01-01 06:00:00,6,5,1,2022,1,255.1,17.3,65.9,2.67,100.7,0.0,946.7,200.0,0.93,0.4,0.21,SYNTHETIC,synthetic_demo_generator_v1
DEMO-HADAPSAR,Hadapsar,18.5089,73.926,MPCB,2022-01-01 07:00:00,7,5,1,2022,1,103.7,19.2,48.5,1.67,71.6,0.0,942.6,626.0,1.056,0.4,0.21,SYNTHETIC,synthetic_demo_generator_v1
DEMO-HADAPSAR,Hadapsar,18.5089,73.926,MPCB,2022-01-01 08:00:00,8,5,1,2022,1,80.5,19.4,72.0,1.34,115.2,0.0,940.7,1040.0,1.119,0.4,0.56,SYNTHETIC,synthetic_demo_generator_v1
DEMO-HADAPSAR,Hadapsar,18.5089,73.926,MPCB,2022-01-01 09:00:00,9,5,1,2022,1,57.0,21.3,63.9,2.34,136.1,0.0,943.5,1089.0,1.024,0.4,0.56,SYNTHETIC,synthetic_demo_generator_v1
DEMO-HADAPSAR,Hadapsar,18.5089,73.926,MPCB,2022-01-01 10:00:00,10,5,1,2022,1,49.2,23.2,60.2,0.36,88.5,0.0,940.9,1376.0,0.93,0.4,0.56,SYNTHETIC,synthetic_demo_generator_v1
DEMO-HADAPSAR,Hadapsar,18.5089,73.926,MPCB,2022-01-01 11:00:00,11,5,1,2022,1,26.3,24.1,56.4,1.13,92.7,0.0,943.6,2116.0,0.867,0.4,0.56,SYNTHETIC,synthetic_demo_generator_v1
DEMO-HADAPSAR,Hadapsar,18.5089,73.926,MPCB,2022-01-01 12:00:00,12,5,1,2022,1,34.8,22.7,54.2,0.59,46.0,0.0,948.3,1607.0,0.835,0.4,0.56,SYNTHETIC,synthetic_demo_generator_v1
DEMO-HADAPSAR,Hadapsar,18.5089,73.926,MPCB,2022-01-01 13:00:00,13,5,1,2022,1,23.7,23.4,56.9,1.56,104.1,0.0,945.5,1762.0,0.804,0.4,0.56,SYNTHETIC,synthetic_demo_generator_v1
DEMO-HADAPSAR,Hadapsar,18.5089,73.926,MPCB,2022-01-01 14:00:00,14,5,1,2022,1,35.5,23.5,58.8,0.6,117.8,0.0,944.1,1392.0,0.791,0.4,0.56,SYNTHETIC,synthetic_demo_generator_v1
DEMO-HADAPSAR,Hadapsar,18.5089,73.926,MPCB,2022-01-01 15:00:00,15,5,1,2022,1,40.9,24.5,42.7,2.69,80.1,0.0,942.8,1115.0,0.817,0.4,0.56,SYNTHETIC,synthetic_demo_generator_v1
DEMO-HADAPSAR,Hadapsar,18.5089,73.926,MPCB,2022-01-01 16:00:00,16,5,1,2022,1,80.3,20.2,64.4,2.6,144.6,0.0,944.8,664.0,0.867,0.4,0.56,SYNTHETIC,synthetic_demo_generator_v1
DEMO-HADAPSAR,Hadapsar,18.5089,73.926,MPCB,2022-01-01 17:00:00,17,5,1,2022,1,84.1,18.9,58.3,3.29,28.1,0.0,941.5,555.0,0.93,0.4,0.56,SYNTHETIC,synthetic_demo_generator_v1
DEMO-HADAPSAR,Hadapsar,18.5089,73.926,MPCB,2022-01-01 18:00:00,18,5,1,2022,1,191.3,15.4,54.0,3.19,67.7,0.0,940.9,200.0,1.024,0.4,0.21,SYNTHETIC,synthetic_demo_generator_v1
DEMO-HADAPSAR,Hadapsar,18.5089,73.926,MPCB,2022-01-01 19:00:00,19,5,1,2022,1,253.2,12.8,48.6,2.35,105.7,0.0,943.7,200.0,1.087,0.4,0.21,SYNTHETIC,synthetic_demo_generator_v1
DEMO-HADAPSAR,Hadapsar,18.5089,73.926,MPCB,2022-01-01 21:00:00,21,5,1,2022,1,190.5,10.8,50.2,0.82,63.4,0.0,942.1,200.0,0.993,0.4,0.21,SYNTHETIC,synthetic_demo_generator_v1
DEMO-HADAPSAR,Hadapsar,18.5089,73.926,MPCB,2022-01-01 22:00:00,22,5,1,2022,1,209.3,11.5,65.6,1.73,45.7,0.0,945.7,200.0,0.93,0.4,0.21,SYNTHETIC,synthetic_demo_generator_v1
DEMO-HADAPSAR,Hadapsar,18.5089,73.926,MPCB,2022-01-01 23:00:00,23,5,1,2022,1,258.7,7.1,46.1,1.63,81.2,0.0,947.8,200.0,0.867,0.4,0.21,SYNTHETIC,synthetic_demo_generator_v1
DEMO-HADAPSAR,Hadapsar,18.5089,73.926,MPCB,2022-01-02 00:00:00,0,6,1,2022,1,205.8,9.9,53.6,1.38,102.9,0.0,940.9,200.0,0.835,0.4,0.21,SYNTHETIC,synthetic_demo_generator_v1
DEMO-HADAPSAR,Hadapsar,18.5089,73.926,MPCB,2022-01-02 01:00:00,1,6,1,2022,1,140.4,9.4,74.4,2.35,73.2,0.0,944.2,200.0,0.804,0.4,0.21,SYNTHETIC,synthetic_demo_generator_v1
DEMO-HADAPSAR,Hadapsar,18.5089,73.926,MPCB,2022-01-02 02:00:00,2,6,1,2022,1,152.6,13.1,56.1,2.21,136.9,0.0,942.1,200.0,0.791,0.4,0.21,SYNTHETIC,synthetic_demo_generator_v1
DEMO-HADAPSAR,Hadapsar,18.5089,73.926,MPCB,2022-01-02 03:00:00,3,6,1,2022,1,150.4,10.5,60.7,2.53,101.6,0.0,944.4,200.0,0.785,0.4,0.21,SYNTHETIC,synthetic_demo_generator_v1
DEMO-HADAPSAR,Hadapsar,18.5089,73.926,MPCB,2022-01-02 04:00:00,4,6,1,2022,1,142.5,13.3,49.8,2.44,95.6,0.0,939.4,200.0,0.804,0.4,0.21,SYNTHETIC,synthetic_demo_generator_v1
DEMO-HADAPSAR,Hadapsar,18.5089,73.926,MPCB,2022-01-02 05:00:00,5,6,1,2022,1,122.1,13.9,56.9,3.29,53.3,0.0,943.6,273.0,0.867,0.4,0.21,SYNTHETIC,synthetic_demo_generator_v1
DEMO-HADAPSAR,Hadapsar,18.5089,73.926,MPCB,2022-01-02 06:00:00,6,6,1,2022,1,172.5,16.0,59.3,2.61,103.4,0.0,938.8,200.0,0.93,0.4,0.21,SYNTHETIC,synthetic_demo_generator_v1
DEMO-HADAPSAR,Hadapsar,18.5089,73.926,MPCB,2022-01-02 07:00:00,7,6,1,2022,1,101.2,18.0,51.7,3.09,58.8,0.0,937.0,708.0,1.056,0.4,0.21,SYNTHETIC,synthetic_demo_generator_v1
DEMO-HADAPSAR,Hadapsar,18.5089,73.926,MPCB,2022-01-02 08:00:00,8,6,1,2022,1,65.6,21.4,41.2,2.13,78.3,0.0,947.6,874.0,1.119,0.4,0.56,SYNTHETIC,synthetic_demo_generator_v1
DEMO-HADAPSAR,Hadapsar,18.5089,73.926,MPCB,2022-01-02 09:00:00,9,6,1,2022,1,52.3,19.4,42.1,2.39,74.3,0.0,936.6,1391.0,1.024,0.4,0.56,SYNTHETIC,synthetic_demo_generator_v1
DEMO-HADAPSAR,Hadapsar,18.5089,73.926,MPCB,2022-01-02 10:00:00,10,6,1,2022,1,33.9,22.3,51.5,1.62,113.7,0.0,946.7,1490.0,0.93,0.4,0.56,SYNTHETIC,synthetic_demo_generator_v1
DEMO-HADAPSAR,Hadapsar,18.5089,73.926,MPCB,2022-01-02 11:00:00,11,6,1,2022,1,25.6,22.2,54.5,2.84,60.7,0.0,940.7,1822.0,0.867,0.4,0.56,SYNTHETIC,synthetic_demo_generator_v1
DEMO-HADAPSAR,Hadapsar,18.5089,73.926,MPCB,2022-01-02 12:00:00,12,6,1,2022,1,31.5,21.8,47.6,3.17,98.5,0.0,944.9,1629.0,0.835,0.4,0.56,SYNTHETIC,synthetic_demo_generator_v1
DEMO-HADAPSAR,Hadapsar,18.5089,73.926,MPCB,2022-01-02 13:00:00,13,6,1,2022,1,27.6,22.2,40.1,2.08,117.9,0.0,947.5,1816.0,0.804,0.4,0.56,SYNTHETIC,synthetic_demo_generator_v1
DEMO-HADAPSAR,Hadapsar,18.5089,73.926,MPCB,2022-01-02 14:00:00,14,6,1,2022,1,29.0,24.0,57.7,0.57,92.5,0.0,941.6,1367.0,0.791,0.4,0.56,SYNTHETIC,synthetic_demo_generator_v1
DEMO-HADAPSAR,Hadapsar,18.5089,73.926,MPCB,2022-01-02 15:00:00,15,6,1,2022,1,44.5,24.6,62.2,2.01,97.5,0.0,943.1,1242.0,0.817,0.4,0.56,SYNTHETIC,synthetic_demo_generator_v1
DEMO-HADAPSAR,Hadapsar,18.5089,73.926,MPCB,2022-01-02 16:00:00,16,6,1,2022,1,49.8,21.1,65.3,2.88,86.0,0.0,939.9,852.0,0.867,0.4,0.56,SYNTHETIC,synthetic_demo_generator_v1
DEMO-HADAPSAR,Hadapsar,18.5089,73.926,MPCB,2022-01-02 18:00:00,18,6,1,2022,1,238.6,16.9,56.0,2.29,185.4,0.0,945.1,200.0,1.024,0.4,0.21,SYNTHETIC,synthetic_demo_generator_v1
DEMO-HADAPSAR,Hadapsar,18.5089,73.926,MPCB,2022-01-02 19:00:00,19,6,1,2022,1,250.7,14.1,61.6,0.93,77.8,0.0,941.5,200.0,1.087,0.4,0.21,SYNTHETIC,synthetic_demo_generator_v1
DEMO-HADAPSAR,Hadapsar,18.5089,73.926,MPCB,2022-01-02 20:00:00,20,6,1,2022,1,179.5,11.7,46.3,2.23,127.3,0.0,941.9,200.0,1.056,0.4,0.21,SYNTHETIC,synthetic_demo_generator_v1
DEMO-HADAPSAR,Hadapsar,18.5089,73.926,MPCB,2022-01-02 21:00:00,21,6,1,2022,1,169.0,11.1,71.5,1.82,51.7,0.0,943.2,200.0,0.993,0.4,0.21,SYNTHETIC,synthetic_demo_generator_v1
DEMO-HADAPSAR,Hadapsar,18.5089,73.926,MPCB,2022-01-02 22:00:00,22,6,1,2022,1,208.5,10.7,70.1,1.86,102.4,0.0,942.4,200.0,0.93,0.4,0.21,SYNTHETIC,synthetic_demo_generator_v1
DEMO-HADAPSAR,Hadapsar,18.5089,73.926,MPCB,2022-01-02 23:00:00,23,6,1,2022,1,194.6,9.7,57.7,0.0,101.5,0.0,933.9,200.0,0.867,0.4,0.21,SYNTHETIC,synthetic_demo_generator_v1
DEMO-HADAPSAR,Hadapsar,18.5089,73.926,MPCB,2022-01-03 00:00:00,0,0,1,2022,0,178.8,9.6,49.1,2.74,91.0,0.0,942.3,200.0,0.895,0.3,0.21,SYNTHETIC,synthetic_demo_generator_v1
DEMO-HADAPSAR,Hadapsar,18.5089,73.926,MPCB,2022-01-03 01:00:00,1,0,1,2022,0,190.5,10.7,52.6,1.61,116.1,0.0,946.7,269.0,0.86,0.3,0.21,SYNTHETIC,synthetic_demo_generator_v1
DEMO-HADAPSAR,Hadapsar,18.5089,73.926,MPCB,2022-01-03 02:00:00,2,0,1,2022,0,127.1,12.1,58.0,1.01,133.3,0.0,941.7,200.0,0.846,0.3,0.21,SYNTHETIC,synthetic_demo_generator_v1
DEMO-HADAPSAR,Hadapsar,18.5089,73.926,MPCB,2022-01-03 03:00:00,3,0,1,2022,0,145.4,13.6,64.5,2.16,75.0,0.0,944.2,200.0,0.839,0.3,0.21,SYNTHETIC,synthetic_demo_generator_v1
DEMO-HADAPSAR,Hadapsar,18.5089,73.926,MPCB,2022-01-03 05:00:00,5,0,1,2022,0,188.3,15.1,53.4,1.11,83.1,0.0,939.0,200.0,0.93,0.3,0.21,SYNTHETIC,synthetic_demo_generator_v1
DEMO-HADAPSAR,Hadapsar,18.5089,73.926,MPCB,2022-01-03 06:00:00,6,0,1,2022,0,166.8,16.1,55.1,2.64,95.4,0.0,941.4,200.0,1.0,0.85,0.21,SYNTHETIC,synthetic_demo_generator_v1
DEMO-HADAPSAR,Hadapsar,18.5089,73.926,MPCB,2022-01-03 07:00:00,7,0,1,2022,0,119.5,18.4,45.8,1.81,93.1,0.0,943.2,636.0,1.14,0.879,0.21,SYNTHETIC,synthetic_demo_generator_v1
DEMO-HADAPSAR,Hadapsar,18.5089,73.926,MPCB,2022-01-03 08:00:00,8,0,1,2022,0,110.3,19.5,66.1,1.87,128.7,0.0,943.2,906.0,1.21,0.907,0.56,SYNTHETIC,synthetic_demo_generator_v1
DEMO-HADAPSAR,Hadapsar,18.5089,73.926,MPCB,2022-01-03 10:00:00,10,0,1,2022,0,46.2,21.3,39.7,1.91,60.1,0.0,942.8,1319.0,1.0,0.956,0.56,SYNTHETIC,synthetic_demo_generator_v1
DEMO-HADAPSAR,Hadapsar,18.5089,73.926,MPCB,2022-01-03 11:00:00,11,0,1,2022,0,31.2,25.3,52.9,2.6,148.0,0.0,947.9,1554.0,0.93,0.975,0.56,SYNTHETIC,synthetic_demo_generator_v1
DEMO-HADAPSAR,Hadapsar,18.5089,73.926,MPCB,2022-01-03 12:00:00,12,0,1,2022,0,45.8,23.7,49.3,0.0,48.7,0.0,938.5,1463.0,0.895,0.989,0.56,SYNTHETIC,synthetic_demo_generator_v1
DEMO-HADAPSAR,Hadapsar,18.5089,73.926,MPCB,2022-01-03 13:00:00,13,0,1,2022,0,22.2,22.1,45.5,2.07,99.8,0.0,941.0,1743.0,0.86,0.997,0.56,SYNTHETIC,synthetic_demo_generator_v1
DEMO-HADAPSAR,Hadapsar,18.5089,73.926,MPCB,2022-01-03 14:00:00,14,0,1,2022,0,36.3,21.9,57.4,1.42,71.1,0.0,944.9,1553.0,0.846,1.0,0.56,SYNTHETIC,synthetic_demo_generator_v1
DEMO-HADAPSAR,Hadapsar,18.5089,73.926,MPCB,2022-01-03 15:00:00,15,0,1,2022,0,39.1,22.5,50.0,2.02,72.0,0.0,947.1,1327.0,0.874,0.997,0.56,SYNTHETIC,synthetic_demo_generator_v1
DEMO-HADAPSAR,Hadapsar,18.5089,73.926,MPCB,2022-01-03 16:00:00,16,0,1,2022,0,85.0,19.9,38.0,2.21,115.4,0.0,939.1,801.0,0.93,0.989,0.56,SYNTHETIC,synthetic_demo_generator_v1
DEMO-HADAPSAR,Hadapsar,18.5089,73.926,MPCB,2022-01-03 17:00:00,17,0,1,2022,0,124.1,17.8,58.2,2.45,145.1,0.0,942.5,522.0,1.0,0.975,0.56,SYNTHETIC,synthetic_demo_generator_v1
DEMO-HADAPSAR,Hadapsar,18.5089,73.926,MPCB,2022-01-03 19:00:00,19,0,1,2022,0,236.6,14.8,59.5,0.97,100.6,0.0,947.8,200.0,1.175,0.933,0.21,SYNTHETIC,synthetic_demo_generator_v1
DEMO-HADAPSAR,Hadapsar,18.5089,73.926,MPCB,2022-01-03 20:00:00,20,0,1,2022,0,231.5,14.7,58.2,0.72,89.3,0.0,943.9,200.0,1.14,0.907,0.21,SYNTHETIC,synthetic_demo_generator_v1
DEMO-HADAPSAR,Hadapsar,18.5089,73.926,MPCB,2022-01-03 21:00:00,21,0,1,2022,0,262.5,11.2,58.7,0.5,145.9,0.0,944.5,200.0,1.07,0.879,0.21,SYNTHETIC,synthetic_demo_generator_v1
DEMO-HADAPSAR,Hadapsar,18.5089,73.926,MPCB,2022-01-03 22:00:00,22,0,1,2022,0,229.7,14.3,42.5,3.01,131.0,0.0,940.9,200.0,1.0,0.3,0.21,SYNTHETIC,synthetic_demo_generator_v1
DEMO-HADAPSAR,Hadapsar,18.5089,73.926,MPCB,2022-01-03 23:00:00,23,0,1,2022,0,180.3,8.9,41.9,2.19,87.5,0.0,941.9,200.0,0.93,0.3,0.21,SYNTHETIC,synthetic_demo_generator_v1
DEMO-HADAPSAR,Hadapsar,18.5089,73.926,MPCB,2022-01-04 00:00:00,0,1,1,2022,0,143.6,9.4,66.7,1.91,159.0,0.0,943.2,268.0,0.895,0.3,0.21,SYNTHETIC,synthetic_demo_generator_v1
DEMO-HADAPSAR,Hadapsar,18.5089,73.926,MPCB,2022-01-04 01:00:00,1,1,1,2022,0,140.2,10.0,53.7,3.68,46.3,0.0,942.0,256.0,0.86,0.3,0.21,SYNTHETIC,synthetic_demo_generator_v1
DEMO-HADAPSAR,Hadapsar,18.5089,73.926,MPCB,2022-01-04 02:00:00,2,1,1,2022,0,188.7,9.3,57.6,1.08,111.4,0.0,940.0,200.0,0.846,0.3,0.21,SYNTHETIC,synthetic_demo_generator_v1
DEMO-HADAPSAR,Hadapsar,18.5089,73.926,MPCB,2022-01-04 03:00:00,3,1,1,2022,0,197.0,11.0,65.5,1.75,32.0,0.0,939.8,200.0,0.839,0.3,0.21,SYNTHETIC,synthetic_demo_generator_v1
DEMO-HADAPSAR,Hadapsar,18.5089,73.926,MPCB,2022-01-04 04:00:00,4,1,1,2022,0,149.7,11.0,47.6,3.21,82.2,0.0,945.1,200.0,0.86,0.3,0.21,SYNTHETIC,synthetic_demo_generator_v1
DEMO-HADAPSAR,Hadapsar,18.5089,73.926,MPCB,2022-01-04 05:00:00,5,1,1,2022,0,156.0,16.4,53.8,1.69,94.2,0.0,941.0,200.0,0.93,0.3,0.21,SYNTHETIC,synthetic_demo_generator_v1
DEMO-HADAPSAR,Hadapsar,18.5089,73.926,MPCB,2022-01-04 06:00:00,6,1,1,2022,0,187.0,18.5,37.3,2.28,125.7,0.0,942.6,200.0,1.0,0.85,0.21,SYNTHETIC,synthetic_demo_generator_v1
DEMO-HADAPSAR,Hadapsar,18.5089,73.926,MPCB,2022-01-04 07:00:00,7,1,1,2022,0,230.3,21.2,46.5,1.96,124.0,0.0,946.2,253.0,1.14,0.879,0.21,SYNTHETIC,synthetic_demo_generator_v1
DEMO-HADAPSAR,Hadapsar,18.5089,73.926,MPCB,2022-01-04 08:00:00,8,1,1,2022,0,104.5,19.4,59.6,2.04,112.9,0.0,945.9,929.0,1.21,0.907,0.56,SYNTHETIC,synthetic_demo_generator_v1
DEMO-HADAPSAR,Hadapsar,18.5089,73.926,MPCB,2022-01-04 09:00:00,9,1,1,2022,0,67.0,19.7,59.0,0.07,109.5,0.0,939.3,1281.0,1.105,0.933,0.56,SYNTHETIC,synthetic_demo_generator_v1
DEMO-HADAPSAR,Hadapsar,18.5089,73.926,MPCB,2022-01-04 10:00:00,10,1,1,2022,0,38.8,21.4,54.2,3.44,125.7,0.0,941.3,1592.0,1.0,0.956,0.56,SYNTHETIC,synthetic_demo_generator_v1
DEMO-HADAPSAR,Hadapsar,18.5089,73.926,MPCB,2022-01-04 11:00:00,11,1,1,2022,0,26.5,21.5,46.8,1.57,126.9,0.0,941.4,1835.0,0.93,0.975,0.56,SYNTHETIC,synthetic_demo_generator_v1
DEMO-HADAPSAR,Hadapsar,18.5089,73.926,MPCB,2022-01-04 12:00:00,12,1,1,2022,0,30.7,24.3,46.0,1.61,94.2,0.0,937.2,1836.0,0.895,0.989,0.56,SYNTHETIC,synthetic_demo_generator_v1
DEMO-HADAPSAR,Hadapsar,18.5089,73.926,MPCB,2022-01-04 13:00:00,13,1,1,2022,0,24.3,25.3,43.8,1.47,147.7,0.0,945.8,1753.0,0.86,0.997,0.56,SYNTHETIC,synthetic_demo_generator_v1
DEMO-HADAPSAR,Hadapsar,18.5089,73.926,MPCB,2022-01-04 14:00:00,14,1,1,2022,0,50.1,25.3,59.1,0.95,110.1,0.0,941.1,1472.0,0.846,1.0,0.56,SYNTHETIC,synthetic_demo_generator_v1
DEMO-HADAPSAR,Hadapsar,18.5089,73.926,MPCB,2022-01-04 15:00:00,15,1,1,2022,0,31.9,21.0,46.5,1.16,85.7,0.0,940.0,1399.0,0.874,0.997,0.56,SYNTHETIC,synthetic_demo_generator_v1
DEMO-HADAPSAR,Hadapsar,18.5089,73.926,MPCB,2022-01-04 16:00:00,16,1,1,2022,0,54.8,20.6,35.5,1.21,110.6,0.0,946.0,1066.0,0.93,0.989,0.56,SYNTHETIC,synthetic_demo_generator_v1
DEMO-HADAPSAR,Hadapsar,18.5089,73.926,MPCB,2022-01-04 17:00:00,17,1,1,2022,0,146.2,18.4,51.7,2.07,32.4,0.0,944.2,466.0,1.0,0.975,0.56,SYNTHETIC,synthetic_demo_generator_v1
DEMO-HADAPSAR,Hadapsar,18.5089,73.926,MPCB,2022-01-04 18:00:00,18,1,1,2022,0,206.6,18.0,48.0,2.54,115.8,0.0,946.9,200.0,1.105,0.956,0.21,SYNTHETIC,synthetic_demo_generator_v1
DEMO-HADAPSAR,Hadapsar,18.5089,73.926,MPCB,2022-01-04 19:00:00,19,1,1,2022,0,280.6,13.2,38.7,2.03,56.5,0.0,942.0,200.0,1.175,0.933,0.21,SYNTHETIC,synthetic_demo_generator_v1
DEMO-HADAPSAR,Hadapsar,18.5089,73.926,MPCB,2022-01-04 20:00:00,20,1,1,2022,0,197.9,15.0,57.3,2.13,83.7,0.0,944.7,200.0,1.14,0.907,0.21,SYNTHETIC,synthetic_demo_generator_v1
DEMO-HADAPSAR,Hadapsar,18.5089,73.926,MPCB,2022-01-04 21:00:00,21,1,1,2022,0,224.7,9.0,57.1,1.15,96.0,0.0,939.1,200.0,1.07,0.879,0.21,SYNTHETIC,synthetic_demo_generator_v1
DEMO-HADAPSAR,Hadapsar,18.5089,73.926,MPCB,2022-01-04 22:00:00,22,1,1,2022,0,245.6,9.2,55.3,2.12,75.9,0.0,944.1,200.0,1.0,0.3,0.21,SYNTHETIC,synthetic_demo_generator_v1
DEMO-HADAPSAR,Hadapsar,18.5089,73.926,MPCB,2022-01-04 23:00:00,23,1,1,2022,0,152.6,9.4,46.9,2.69,112.0,0.0,938.7,200.0,0.93,0.3,0.21,SYNTHETIC,synthetic_demo_generator_v1
DEMO-HADAPSAR,Hadapsar,18.5089,73.926,MPCB,2022-01-05 00:00:00,0,2,1,2022,0,158.4,8.6,48.0,3.6,91.7,0.0,943.6,200.0,0.895,0.3,0.21,SYNTHETIC,synthetic_demo_generator_v1
DEMO-HADAPSAR,Hadapsar,18.5089,73.926,MPCB,2022-01-05 01:00:00,1,2,1,2022,0,177.3,10.6,54.3,1.66,113.9,0.0,942.4,200.0,0.86,0.3,0.21,SYNTHETIC,synthetic_demo_generator_v1
DEMO-HADAPSAR,Hadapsar,18.5089,73.926,MPCB,2022-01-05 03:00:00,3,2,1,2022,0,148.5,9.9,64.0,1.92,56.7,0.0,946.0,200.0,0.839,0.3,0.21,SYNTHETIC,synthetic_demo_generator_v1
DEMO-HADAPSAR,Hadapsar,18.5089,73.926,MPCB,2022-01-05 04:00:00,4,2,1,2022,0,224.0,14.3,34.2,2.16,75.7,0.0,946.3,200.0,0.86,0.3,0.21,SYNTHETIC,synthetic_demo_generator_v1
DEMO-HADAPSAR,Hadapsar,18.5089,73.926,MPCB,2022-01-05 05:00:00,5,2,1,2022,0,212.0,15.9,55.8,1.1,113.0,0.0,939.9,200.0,0.93,0.3,0.21,SYNTHETIC,synthetic_demo_generator_v1
DEMO-HADAPSAR,Hadapsar,18.5089,73.926,MPCB,2022-01-05 06:00:00,6,2,1,2022,0,230.7,16.7,52.3,0.87,30.7,0.0,942.3,200.0,1.0,0.85,0.21,SYNTHETIC,synthetic_demo_generator_v1
DEMO-HADAPSAR,Hadapsar,18.5089,73.926,MPCB,2022-01-05 08:00:00,8,2,1,2022,0,79.8,18.9,48.6,2.17,101.7,0.0,944.2,1037.0,1.21,0.907,0.56,SYNTHETIC,synthetic_demo_generator_v1
DEMO-HADAPSAR,Hadapsar,18.5089,73.926,MPCB,2022-01-05 09:00:00,9,2,1,2022,0,50.3,22.6,63.5,2.08,160.1,0.0,942.1,1321.0,1.105,0.933,0.56,SYNTHETIC,synthetic_demo_generator_v1
DEMO-HADAPSAR,Hadapsar,18.5089,73.926,MPCB,2022-01-05 10:00:00,10,2,1,2022,0,46.6,23.3,54.5,2.59,64.6,0.0,940.3,1592.0,1.0,0.956,0.56,SYNTHETIC,synthetic_demo_generator_v1
DEMO-HADAPSAR,Hadapsar,18.5089,73.926,MPCB,2022-01-05 11:00:00,11,2,1,2022,0,32.6,22.5,46.4,1.76,53.5,0.0,943.8,1746.0,0.93,0.975,0.56,SYNTHETIC,synthetic_demo_generator_v1
DEMO-HADAPSAR,Hadapsar,18.5089,73.926,MPCB,2022-01-05 12:00:00,12,2,1,2022,0,32.5,22.6,47.0,2.03,95.2,0.0,938.4,1773.0,0.895,0.989,0.56,SYNTHETIC,synthetic_demo_generator_v1
DEMO-HADAPSAR,Hadapsar,18.5089,73.926,MPCB,2022-01-05 13:00:00,13,2,1,2022,0,44.5,25.7,69.2,1.31,90.4,0.0,943.0,1724.0,0.86,0.997,0.56,SYNTHETIC,synthetic_demo_generator_v1
DEMO-HADAPSAR,Hadapsar,18.5089,73.926,MPCB,2022-01-05 14:00:00,14,2,1,2022,0,32.6,25.4,47.6,1.16,88.8,0.0,942.8,1423.0,0.846,1.0,0.56,SYNTHETIC,synthetic_demo_generator_v1
DEMO-HADAPSAR,Hadapsar,18.5089,73.926,MPCB,2022-01-05 15:00:00,15,2,1,2022,0,28.8,23.0,35.9,2.83,54.5,0.0,943.8,1310.0,0.874,0.997,0.56,SYNTHETIC,synthetic_demo_generator_v1
DEMO-HADAPSAR,Hadapsar,18.5089,73.926,MPCB,2022-01-05 16:00:00,16,2,1,2022,0,109.2,18.9,60.1,2.73,93.8,0.0,935.3,708.0,0.93,0.989,0.56,SYNTHETIC,synthetic_demo_generator_v1
DEMO-HADAPSAR,Hadapsar,18.5089,73.926,MPCB,2022-01-05 17:00:00,17,2,1,2022,0,207.3,20.6,51.6,2.93,117.8,0.0,949.4,353.0,1.0,0.975,0.56,SYNTHETIC,synthetic_demo_generator_v1
DEMO-HADAPSAR,Hadapsar,18.5089,73.926,MPCB,2022-01-05 18:00:00,18,2,1,2022,0,249.5,17.1,59.0,2.29,81.4,0.0,944.0,335.0,1.105,0.956,0.21,SYNTHETIC,synthetic_demo_generator_v1
DEMO-HADAPSAR,Hadapsar,18.5089,73.926,MPCB,2022-01-05 19:00:00,19,2,1,2022,0,291.2,14.5,55.7,4.21,115.0,0.0,945.6,200.0,1.175,0.933,0.21,SYNTHETIC,synthetic_demo_generator_v1
DEMO-HADAPSAR,Hadapsar,18.5089,73.926,MPCB,2022-01-05 20:00:00,20,2,1,2022,0,314.2,13.8,45.5,0.25,94.5,0.0,943.8,200.0,1.14,0.907,0.21,SYNTHETIC,synthetic_demo_generator_v1
DEMO-HADAPSAR,Hadapsar,18.5089,73.926,MPCB,2022-01-05 21:00:00,21,2,1,2022,0,169.9,11.5,35.5,2.4,69.0,0.0,943.1,200.0,1.07,0.879,0.21,SYNTHETIC,synthetic_demo_generator_v1
DEMO-HADAPSAR,Hadapsar,18.5089,73.926,MPCB,2022-01-05 22:00:00,22,2,1,2022,0,197.2,9.2,51.5,1.85,70.7,0.0,944.5,200.0,1.0,0.3,0.21,SYNTHETIC,synthetic_demo_generator_v1
DEMO-HADAPSAR,Hadapsar,18.5089,73.926,MPCB,2022-01-05 23:00:00,23,2,1,2022,0,161.5,11.9,65.9,1.4,71.0,0.0,944.5,200.0,0.93,0.3,0.21,SYNTHETIC,synthetic_demo_generator_v1
DEMO-HADAPSAR,Hadapsar,18.5089,73.926,MPCB,2022-01-06 00:00:00,0,3,1,2022,0,167.5,8.6,47.1,2.22,119.9,0.0,942.7,200.0,0.895,0.3,0.21,SYNTHETIC,synthetic_demo_generator_v1
DEMO-HADAPSAR,Hadapsar,18.5089,73.926,MPCB,2022-01-06 01:00:00,1,3,1,2022,0,192.7,11.7,50.2,0.53,32.5,0.0,939.9,200.0,0.86,0.3,0.21,SYNTHETIC,synthetic_demo_generator_v1
DEMO-HADAPSAR,Hadapsar,18.5089,73.926,MPCB,2022-01-06 02:00:00,2,3,1,2022,0,151.5,11.3,61.1,1.78,144.5,0.0,940.8,200.0,0.846,0.3,0.21,SYNTHETIC,synthetic_demo_generator_v1
DEMO-HADAPSAR,Hadapsar,18.5089,73.926,MPCB,2022-01-06 03:00:00,3,3,1,2022,0,172.7,11.9,37.5,1.56,127.0,0.0,944.4,200.0,0.839,0.3,0.21,SYNTHETIC,synthetic_demo_generator_v1
DEMO-HADAPSAR,Hadapsar,18.5089,73.926,MPCB,2022-01-06 04:00:00,4,3,1,2022,0,172.2,12.6,55.1,3.15,106.7,0.0,938.7,200.0,0.86,0.3,0.21,SYNTHETIC,synthetic_demo_generator_v1
DEMO-HADAPSAR,Hadapsar,18.5089,73.926,MPCB,2022-01-06 05:00:00,5,3,1,2022,0,201.3,13.9,48.1,0.7,108.4,0.0,944.6,200.0,0.93,0.3,0.21,SYNTHETIC,synthetic_demo_generator_v1
DEMO-HADAPSAR,Hadapsar,18.5089,73.926,MPCB,2022-01-06 06:00:00,6,3,1,2022,0,249.6,13.9,61.7,3.15,134.7,0.0,943.9,200.0,1.0,0.85,0.21,SYNTHETIC,synthetic_demo_generator_v1
DEMO-HADAPSAR,Hadapsar,18.5089,73.926,MPCB,2022-01-06 07:00:00,7,3,1,2022,0,180.5,17.4,65.1,3.1,60.3,0.0,945.4,453.0,1.14,0.879,0.21,SYNTHETIC,synthetic_demo_generator_v1
DEMO-HADAPSAR,Hadapsar,18.5089,73.926,MPCB,2022-01-06 08:00:00,8,3,1,2022,0,70.0,17.6,63.3,1.56,132.3,0.0,942.8,931.0,1.21,0.907,0.56,SYNTHETIC,synthetic_demo_generator_v1
DEMO-HADAPSAR,Hadapsar,18.5089,73.926,MPCB,2022-01-06 09:00:00,9,3,1,2022,0,75.9,24.4,49.5,1.45,136.1,0.0,943.5,1190.0,1.105,0.933,0.56,SYNTHETIC,synthetic_demo_generator_v1
DEMO-HADAPSAR,Hadapsar,18.5089,73.926,MPCB,2022-01-06 10:00:00,10,3,1,2022,0,39.6,23.9,54.3,1.22,61.3,0.0,946.6,1535.0,1.0,0.956,0.56,SYNTHETIC,synthetic_demo_generator_v1
DEMO-HADAPSAR,Hadapsar,18.5089,73.926,MPCB,2022-01-06 11:00:00,11,3,1,2022,0,41.9,22.2,49.4,1.72,47.1,0.0,941.9,1756.0,0.93,0.975,0.56,SYNTHETIC,synthetic_demo_generator_v1
DEMO-HADAPSAR,Hadapsar,18.5089,73.926,MPCB,2022-01-06 12:00:00,12,3,1,2022,0,42.4,23.7,63.0,1.45,45.4,0.0,943.4,1537.0,0.895,0.989,0.56,SYNTHETIC,synthetic_demo_generator_v1
DEMO-HADAPSAR,Hadapsar,18.5089,73.926,MPCB,2022-01-06 13:00:00,13,3,1,2022,0,29.1,25.0,46.1,2.67,125.6,0.0,943.5,1712.0,0.86,0.997,0.56,SYNTHETIC,synthetic_demo_generator_v1
DEMO-HADAPSAR,Hadapsar,18.5089,73.926,MPCB,2022-01-06 14:00:00,14,3,1,2022,0,33.4,25.0,41.1,2.14,72.4,0.0,942.1,1423.0,0.846,1.0,0.56,SYNTHETIC,synthetic_demo_generator_v1
DEMO-HADAPSAR,Hadapsar,18.5089,73.926,MPCB,2022-01-06 15:00:00,15,3,1,2022,0,42.1,20.7,40.8,2.82,124.8,0.0,945.6,1202.0,0.874,0.997,0.56,SYNTHETIC,synthetic_demo_generator_v1
DEMO-HADAPSAR,Hadapsar,18.5089,73.926,MPCB,2022-01-06 16:00:00,16,3,1,2022,0,54.1,21.6,62.0,1.44,41.5,0.0,941.7,1033.0,0.93,0.989,0.56,SYNTHETIC,synthetic_demo_generator_v1
DEMO-HADAPSAR,Hadapsar,18.5089,73.926,MPCB,2022-01-06 17:00:00,17,3,1,2022,0,113.7,18.1,58.7,1.19,135.1,0.0,941.3,541.0,1.0,0.975,0.56,SYNTHETIC,synthetic_demo_generator_v1
DEMO-HADAPSAR,Hadapsar,18.5089,73.926,MPCB,2022-01-06 18:00:00,18,3,1,2022,0,235.3,16.6,59.6,1.49,82.2,0.0,945.4,200.0,1.105,0.956,0.21,SYNTHETIC,synthetic_demo_generator_v1
DEMO-HADAPSAR,Hadapsar,18.5089,73.926,MPCB,2022-01-06 19:00:00,19,3,1,2022,0,371.9,14.4,43.3,2.62,112.6,0.0,945.1,200.0,1.175,0.933,0.21,SYNTHETIC,synthetic_demo_generator_v1
DEMO-HADAPSAR,Hadapsar,18.5089,73.926,MPCB,2022-01-06 20:00:00,20,3,1,2022,0,242.4,14.2,54.1,2.44,96.9,0.0,946.0,200.0,1.14,0.907,0.21,SYNTHETIC,synthetic_demo_generator_v1
DEMO-HADAPSAR,Hadapsar,18.5089,73.926,MPCB,2022-01-06 21:00:00,21,3,1,2022,0,209.5,14.4,54.5,2.1,79.8,0.0,940.8,200.0,1.07,0.879,0.21,SYNTHETIC,synthetic_demo_generator_v1
DEMO-HADAPSAR,Hadapsar,18.5089,73.926,MPCB,2022-01-06 22:00:00,22,3,1,2022,0,216.8,9.0,50.7,1.33,101.9,0.0,943.8,200.0,1.0,0.3,0.21,SYNTHETIC,synthetic_demo_generator_v1
DEMO-HADAPSAR,Hadapsar,18.5089,73.926,MPCB,2022-01-06 23:00:00,23,3,1,2022,0,255.9,8.4,62.8,2.06,64.1,0.0,945.0,200.0,0.93,0.3,0.21,SYNTHETIC,synthetic_demo_generator_v1
DEMO-HADAPSAR,Hadapsar,18.5089,73.926,MPCB,2022-01-07 00:00:00,0,4,1,2022,0,235.6,12.4,69.6,1.18,117.4,0.0,941.2,200.0,0.895,0.3,0.21,SYNTHETIC,synthetic_demo_generator_v1
DEMO-HADAPSAR,Hadapsar,18.5089,73.926,MPCB,2022-01-07 01:00:00,1,4,1,2022,0,166.8,12.4,51.8,1.4,139.3,0.0,946.2,200.0,0.86,0.3,0.21,SYNTHETIC,synthetic_demo_generator_v1
DEMO-HADAPSAR,Hadapsar,18.5089,73.926,MPCB,2022-01-07 02:00:00,2,4,1,2022,0,149.8,11.1,56.5,3.56,51.9,0.0,942.9,200.0,0.846,0.3,0.21,SYNTHETIC,synthetic_demo_generator_v1
DEMO-HADAPSAR,Hadapsar,18.5089,73.926,MPCB,2022-01-07 03:00:00,3,4,1,2022,0,214.0,10.9,54.0,1.51,159.0,0.0,942.8,232.0,0.839,0.3,0.21,SYNTHETIC,synthetic_demo_generator_v1
DEMO-HADAPSAR,Hadapsar,18.5089,73.926,MPCB,2022-01-07 04:00:00,4,4,1,2022,0,163.8,11.7,73.6,2.66,80.0,0.0,946.1,200.0,0.86,0.3,0.21,SYNTHETIC,synthetic_demo_generator_v1
DEMO-HADAPSAR,Hadapsar,18.5089,73.926,MPCB,2022-01-07 05:00:00,5,4,1,2022,0,173.1,16.8,58.0,0.36,53.2,0.0,946.8,200.0,0.93,0.3,0.21,SYNTHETIC,synthetic_demo_generator_v1
DEMO-HADAPSAR,Hadapsar,18.5089,73.926,MPCB,2022-01-07 06:00:00,6,4,1,2022,0,210.3,16.9,48.3,1.94,127.8,0.0,942.7,200.0,1.0,0.85,0.21,SYNTHETIC,synthetic_demo_generator_v1
DEMO-HADAPSAR,Hadapsar,18.5089,73.926,MPCB,2022-01-07 07:00:00,7,4,1,2022,0,178.1,17.8,52.5,2.94,96.0,0.0,949.2,491.0,1.14,0.879,0.21,SYNTHETIC,synthetic_demo_generator_v1
DEMO-HADAPSAR,Hadapsar,18.5089,73.926,MPCB,2022-01-07 08:00:00,8,4,1,2022,0,75.0,17.9,44.9,2.84,76.0,0.0,940.2,934.0,1.21,0.907,0.56,SYNTHETIC,synthetic_demo_generator_v1
DEMO-HADAPSAR,Hadapsar,18.5089,73.926,MPCB,2022-01-07 09:00:00,9,4,1,2022,0,68.1,25.0,59.7,1.19,74.3,0.0,945.0,1431.0,1.105,0.933,0.56,SYNTHETIC,synthetic_demo_generator_v1
DEMO-HADAPSAR,Hadapsar,18.5089,73.926,MPCB,2022-01-07 11:00:00,11,4,1,2022,0,29.6,25.7,63.5,2.43,149.2,0.0,942.5,2193.0,0.93,0.975,0.56,SYNTHETIC,synthetic_demo_generator_v1
DEMO-HADAPSAR,Hadapsar,18.5089,73.926,MPCB,2022-01-07 12:00:00,12,4,1,2022,0,36.6,22.8,76.4,1.79,46.3,0.0,941.3,1792.0,0.895,0.989,0.56,SYNTHETIC,synthetic_demo_generator_v1
DEMO-HADAPSAR,Hadapsar,18.5089,73.926,MPCB,2022-01-07 13:00:00,13,4,1,2022,0,33.1,25.1,56.4,2.5,101.4,0.0,940.5,1514.0,0.86,0.997,0.56,SYNTHETIC,synthetic_demo_generator_v1
DEMO-HADAPSAR,Hadapsar,18.5089,73.926,MPCB,2022-01-07 14:00:00,14,4,1,2022,0,33.6,22.8,63.2,1.67,72.8,0.0,945.9,1513.0,0.846,1.0,0.56,SYNTHETIC,synthetic_demo_generator_v1
DEMO-HADAPSAR,Hadapsar,18.5089,73.926,MPCB,2022-01-07 15:00:00,15,4,1,2022,0,34.9,20.0,64.7,3.79,120.1,0.0,946.6,1286.0,0.874,0.997,0.56,SYNTHETIC,synthetic_demo_generator_v1
DEMO-HADAPSAR,Hadapsar,18.5089,73.926,MPCB,2022-01-07 16:00:00,16,4,1,2022,0,52.5,21.3,63.8,2.59,117.3,0.0,940.1,1067.0,0.93,0.989,0.56,SYNTHETIC,synthetic_demo_generator_v1
DEMO-HADAPSAR,Hadapsar,18.5089,73.926,MPCB,2022-01-07 17:00:00,17,4,1,2022,0,221.7,17.8,68.2,1.3,79.9,0.0,943.3,302.0,1.0,0.975,0.56,SYNTHETIC,synthetic_demo_generator_v1
DEMO-HADAPSAR,Hadapsar,18.5089,73.926,MPCB,2022-01-07 18:00:00,18,4,1,2022,0,269.6,13.8,48.9,1.68,142.3,0.0,944.9,200.0,1.105,0.956,0.21,SYNTHETIC,synthetic_demo_generator_v1
DEMO-HADAPSAR,Hadapsar,18.5089,73.926,MPCB,2022-01-07 19:00:00,19,4,1,2022,0,304.3,14.5,56.2,2.44,151.9,0.0,945.3,200.0,1.175,0.933,0.21,SYNTHETIC,synthetic_demo_generator_v1
DEMO-HADAPSAR,Hadapsar,18.5089,73.926,MPCB,2022-01-07 20:00:00,20,4,1,2022,0,236.1,12.5,64.1,2.62,41.8,0.0,942.2,200.0,1.14,0.907,0.21,SYNTHETIC,synthetic_demo_generator_v1
DEMO-HADAPSAR,Hadapsar,18.5089,73.926,MPCB,2022-01-07 21:00:00,21,4,1,2022,0,224.8,10.4,42.0,1.72,112.9,0.0,947.2,200.0,1.07,0.879,0.21,SYNTHETIC,synthetic_demo_generator_v1
DEMO-HADAPSAR,Hadapsar,18.5089,73.926,MPCB,2022-01-07 22:00:00,22,4,1,2022,0,170.2,9.4,56.3,1.96,22.2,0.0,943.5,200.0,1.0,0.3,0.21,SYNTHETIC,synthetic_demo_generator_v1
DEMO-HADAPSAR,Hadapsar,18.5089,73.926,MPCB,2022-01-07 23:00:00,23,4,1,2022,0,178.9,9.3,60.0,1.78,61.0,0.0,942.3,200.0,0.93,0.3,0.21,SYNTHETIC,synthetic_demo_generator_v1
DEMO-HADAPSAR,Hadapsar,18.5089,73.926,MPCB,2022-01-08 00:00:00,0,5,1,2022,1,315.1,10.9,59.8,1.28,82.2,0.0,938.4,200.0,0.835,0.4,0.21,SYNTHETIC,synthetic_demo_generator_v1
DEMO-HADAPSAR,Hadapsar,18.5089,73.926,MPCB,2022-01-08 01:00:00,1,5,1,2022,1,201.2,8.6,55.5,2.09,118.3,0.0,943.3,200.0,0.804,0.4,0.21,SYNTHETIC,synthetic_demo_generator_v1
DEMO-HADAPSAR,Hadapsar,18.5089,73.926,MPCB,2022-01-08 03:00:00,3,5,1,2022,1,165.2,9.7,60.6,3.55,111.6,0.0,946.7,200.0,0.785,0.4,0.21,SYNTHETIC,synthetic_demo_generator_v1
DEMO-HADAPSAR,Hadapsar,18.5089,73.926,MPCB,2022-01-08 04:00:00,4,5,1,2022,1,157.9,13.0,63.8,2.44,50.7,0.0,944.5,200.0,0.804,0.4,0.21,SYNTHETIC,synthetic_demo_generator_v1
DEMO-HADAPSAR,Hadapsar,18.5089,73.926,MPCB,2022-01-08 05:00:00,5,5,1,2022,1,174.4,14.8,56.9,3.15,88.7,0.0,945.5,200.0,0.867,0.4,0.21,SYNTHETIC,synthetic_demo_generator_v1
DEMO-HADAPSAR,Hadapsar,18.5089,73.926,MPCB,2022-01-08 06:00:00,6,5,1,2022,1,190.1,18.6,57.9,1.76,103.4,0.0,942.8,200.0,0.93,0.4,0.21,SYNTHETIC,synthetic_demo_generator_v1
DEMO-HADAPSAR,Hadapsar,18.5089,73.926,MPCB,2022-01-08 07:00:00,7,5,1,2022,1,171.2,19.5,44.3,2.75,80.0,0.0,945.2,344.0,1.056,0.4,0.21,SYNTHETIC,synthetic_demo_generator_v1
DEMO-HADAPSAR,Hadapsar,18.5089,73.926,MPCB,2022-01-08 08:00:00,8,5,1,2022,1,81.5,20.1,53.3,2.33,107.4,0.0,940.9,1008.0,1.119,0.4,0.56,SYNTHETIC,synthetic_demo_generator_v1
DEMO-HADAPSAR,Hadapsar,18.5089,73.926,MPCB,2022-01-08 09:00:00,9,5,1,2022,1,58.3,19.1,57.7,2.15,106.7,0.0,939.7,1370.0,1.024,0.4,0.56,SYNTHETIC,synthetic_demo_generator_v1
DEMO-HADAPSAR,Hadapsar,18.5089,73.926,MPCB,2022-01-08 10:00:00,10,5,1,2022,1,35.4,22.4,50.4,0.58,131.9,0.0,945.4,1922.0,0.93,0.4,0.56,SYNTHETIC,synthetic_demo_generator_v1
DEMO-HADAPSAR,Hadapsar,18.5089,73.926,MPCB,2022-01-08 11:00:00,11,5,1,2022,1,30.4,23.1,40.2,2.69,125.7,0.0,941.2,1791.0,0.867,0.4,0.56,SYNTHETIC,synthetic_demo_generator_v1
DEMO-HADAPSAR,Hadapsar,18.5089,73.926,MPCB,2022-01-08 12:00:00,12,5,1,2022,1,38.2,23.7,44.7,1.79,130.1,0.0,943.6,1598.0,0.835,0.4,0.56,SYNTHETIC,synthetic_demo_generator_v1
DEMO-HADAPSAR,Hadapsar,18.5089,73.926,MPCB,2022-01-08 13:00:00,13,5,1,2022,1,26.0,24.3,53.1,3.53,62.8,0.0,943.0,1741.0,0.804,0.4,0.56,SYNTHETIC,synthetic_demo_generator_v1
DEMO-HADAPSAR,Hadapsar,18.5089,73.926,MPCB,2022-01-08 14:00:00,14,5,1,2022,1,20.9,21.5,59.9,1.45,92.4,0.0,941.4,1643.0,0.791,0.4,0.56,SYNTHETIC,synthetic_demo_generator_v1
DEMO-HADAPSAR,Hadapsar,18.5089,73.926,MPCB,2022-01-08 15:00:00,15,5,1,2022,1,43.1,21.7,46.5,1.02,88.5,0.0,940.8,1162.0,0.817,0.4,0.56,SYNTHETIC,synthetic_demo_generator_v1
DEMO-HADAPSAR,Hadapsar,18.5089,73.926,MPCB,2022-01-08 16:00:00,16,5,1,2022,1,50.1,21.2,57.2,2.04,110.9,0.0,945.3,1037.0,0.867,0.4,0.56,SYNTHETIC,synthetic_demo_generator_v1
DEMO-HADAPSAR,Hadapsar,18.5089,73.926,MPCB,2022-01-08 17:00:00,17,5,1,2022,1,218.2,21.1,49.6,1.62,42.4,0.0,941.1,210.0,0.93,0.4,0.56,SYNTHETIC,synthetic_demo_generator_v1
DEMO-HADAPSAR,Hadapsar,18.5089,73.926,MPCB,2022-01-08 18:00:00,18,5,1,2022,1,263.5,17.6,40.7,1.64,112.8,0.0,943.8,200.0,1.024,0.4,0.21,SYNTHETIC,synthetic_demo_generator_v1
DEMO-HADAPSAR,Hadapsar,18.5089,73.926,MPCB,2022-01-08 19:00:00,19,5,1,2022,1,206.8,12.4,58.0,0.52,61.6,0.0,946.4,200.0,1.087,0.4,0.21,SYNTHETIC,synthetic_demo_generator_v1
DEMO-HADAPSAR,Hadapsar,18.5089,73.926,MPCB,2022-01-08 20:00:00,20,5,1,2022,1,203.7,11.0,46.6,2.67,88.5,0.0,942.2,200.0,1.056,0.4,0.21,SYNTHETIC,synthetic_demo_generator_v1
DEMO-HADAPSAR,Hadapsar,18.5089,73.926,MPCB,2022-01-08 21:00:00,21,5,1,2022,1,190.1,12.0,56.5,3.25,81.0,0.0,945.4,200.0,0.993,0.4,0.21,SYNTHETIC,synthetic_demo_generator_v1
DEMO-HADAPSAR,Hadapsar,18.5089,73.926,MPCB,2022-01-08 22:00:00,22,5,1,2022,1,182.5,10.7,52.5,1.86,48.5,0.0,942.8,200.0,0.93,0.4,0.21,SYNTHETIC,synthetic_demo_generator_v1
DEMO-HADAPSAR,Hadapsar,18.5089,73.926,MPCB,2022-01-08 23:00:00,23,5,1,2022,1,149.4,9.6,58.2,1.03,111.4,0.0,940.0,200.0,0.867,0.4,0.21,SYNTHETIC,synthetic_demo_generator_v1
DEMO-HADAPSAR,Hadapsar,18.5089,73.926,MPCB,2022-01-09 00:00:00,0,6,1,2022,1,182.0,8.0,57.4,1.61,132.2,0.0,943.8,200.0,0.835,0.4,0.21,SYNTHETIC,synthetic_demo_generator_v1
DEMO-HADAPSAR,Hadapsar,18.5089,73.926,MPCB,2022-01-09 01:00:00,1,6,1,2022,1,142.9,10.7,60.1,2.53,44.3,0.0,942.4,200.0,0.804,0.4,0.21,SYNTHETIC,synthetic_demo_generator_v1
DEMO-HADAPSAR,Hadapsar,18.5089,73.926,MPCB,2022-01-09 02:00:00,2,6,1,2022,1,186.8,11.4,52.5,1.12,110.0,0.0,943.0,200.0,0.791,0.4,0.21,SYNTHETIC,synthetic_demo_generator_v1
DEMO-HADAPSAR,Hadapsar,18.5089,73.926,MPCB,2022-01-09 03:00:00,3,6,1,2022,1,164.9,11.6,48.3,2.56,127.1,0.0,942.9,200.0,0.785,0.4,0.21,SYNTHETIC,synthetic_demo_generator_v1
DEMO-HADAPSAR,Hadapsar,18.5089,73.926,MPCB,2022-01-09 04:00:00,4,6,1,2022,1,172.4,14.3,51.4,1.81,65.9,0.0,940.5,200.0,0.804,0.4,0.21,SYNTHETIC,synthetic_demo_generator_v1
DEMO-HADAPSAR,Hadapsar,18.5089,73.926,MPCB,2022-01-09 05:00:00,5,6,1,2022,1,175.5,14.8,52.1,0.91,65.8,0.0,941.4,200.0,0.867,0.4,0.21,SYNTHETIC,synthetic_demo_generator_v1
DEMO-HADAPSAR,Hadapsar,18.5089,73.926,MPCB,2022-01-09 06:00:00,6,6,1,2022,1,181.3,17.4,72.9,3.14,80.8,0.0,942.2,200.0,0.93,0.4,0.21,SYNTHETIC,synthetic_demo_generator_v1
DEMO-HADAPSAR,Hadapsar,18.5089,73.926,MPCB,2022-01-09 07:00:00,7,6,1,2022,1,158.2,16.5,47.9,1.23,70.7,0.0,944.6,441.0,1.056,0.4,0.21,SYNTHETIC,synthetic_demo_generator_v1
DEMO-HADAPSAR,Hadapsar,18.5089,73.926,MPCB,2022-01-09 08:00:00,8,6,1,2022,1,103.7,20.5,43.5,1.23,85.5,0.0,942.6,815.0,1.119,0.4,0.56,SYNTHETIC,synthetic_demo_generator_v1
DEMO-HADAPSAR,Hadapsar,18.5089,73.926,MPCB,2022-01-09 09:00:00,9,6,1,2022,1,69.6,23.0,59.7,1.92,97.3,0.0,945.7,1175.0,1.024,0.4,0.56,SYNTHETIC,synthetic_demo_generator_v1
DEMO-HADAPSAR,Hadapsar,18.5089,73.926,MPCB,2022-01-09 10:00:00,10,6,1,2022,1,39.3,22.5,50.9,2.89,115.8,0.0,943.2,1503.0,0.93,0.4,0.56,SYNTHETIC,synthetic_demo_generator_v1
DEMO-HADAPSAR,Hadapsar,18.5089,73.926,MPCB,2022-01-09 11:00:00,11,6,1,2022,1,27.7,23.4,59.5,2.14,66.7,0.0,947.6,1686.0,0.867,0.4,0.56,SYNTHETIC,synthetic_demo_generator_v1
DEMO-HADAPSAR,Hadapsar,18.5089,73.926,MPCB,2022-01-09 13:00:00,13,6,1,2022,1,18.3,24.2,53.8,4.76,98.6,0.0,942.0,1952.0,0.804,0.4,0.56,SYNTHETIC,synthetic_demo_generator_v1
DEMO-HADAPSAR,Hadapsar,18.5089,73.926,MPCB,2022-01-09 14:00:00,14,6,1,2022,1,28.9,21.1,44.4,2.43,49.6,0.0,942.4,1604.0,0.791,0.4,0.56,SYNTHETIC,synthetic_demo_generator_v1
DEMO-HADAPSAR,Hadapsar,18.5089,73.926,MPCB,2022-01-09 15:00:00,15,6,1,2022,1,24.7,22.1,43.7,3.88,89.1,0.0,944.0,1333.0,0.817,0.4,0.56,SYNTHETIC,synthetic_demo_generator_v1
DEMO-HADAPSAR,Hadapsar,18.5089,73.926,MPCB,2022-01-09 16:00:00,16,6,1,2022,1,53.3,21.3,72.0,3.11,82.3,0.0,943.0,1033.0,0.867,0.4,0.56,SYNTHETIC,synthetic_demo_generator_v1
DEMO-HADAPSAR,Hadapsar,18.5089,73.926,MPCB,2022-01-09 18:00:00,18,6,1,2022,1,268.1,15.7,46.6,1.4,96.7,0.0,942.9,200.0,1.024,0.4,0.21,SYNTHETIC,synthetic_demo_generator_v1
DEMO-HADAPSAR,Hadapsar,18.5089,73.926,MPCB,2022-01-09 19:00:00,19,6,1,2022,1,234.3,14.5,61.9,1.46,75.7,0.0,941.0,200.0,1.087,0.4,0.21,SYNTHETIC,synthetic_demo_generator_v1
DEMO-HADAPSAR,Hadapsar,18.5089,73.926,MPCB,2022-01-09 20:00:00,20,6,1,2022,1,205.9,12.8,51.7,3.35,68.6,0.0,941.3,200.0,1.056,0.4,0.21,SYNTHETIC,synthetic_demo_generator_v1
DEMO-HADAPSAR,Hadapsar,18.5089,73.926,MPCB,2022-01-09 21:00:00,21,6,1,2022,1,326.4,12.1,55.0,2.21,152.8,0.0,943.8,200.0,0.993,0.4,0.21,SYNTHETIC,synthetic_demo_generator_v1
DEMO-HADAPSAR,Hadapsar,18.5089,73.926,MPCB,2022-01-09 22:00:00,22,6,1,2022,1,182.7,9.5,51.5,2.84,104.2,0.0,944.4,200.0,0.93,0.4,0.21,SYNTHETIC,synthetic_demo_generator_v1
DEMO-HADAPSAR,Hadapsar,18.5089,73.926,MPCB,2022-01-09 23:00:00,23,6,1,2022,1,226.5,9.5,50.5,2.29,63.2,0.0,937.4,200.0,0.867,0.4,0.21,SYNTHETIC,synthetic_demo_generator_v1
DEMO-HADAPSAR,Hadapsar,18.5089,73.926,MPCB,2022-01-10 00:00:00,0,0,1,2022,0,239.6,6.7,62.7,2.36,84.6,0.0,942.7,200.0,0.895,0.3,0.21,SYNTHETIC,synthetic_demo_generator_v1
DEMO-HADAPSAR,Hadapsar,18.5089,73.926,MPCB,2022-01-10 01:00:00,1,0,1,2022,0,153.8,9.7,52.7,2.49,41.1,0.0,947.0,200.0,0.86,0.3,0.21,SYNTHETIC,synthetic_demo_generator_v1
DEMO-HADAPSAR,Hadapsar,18.5089,73.926,MPCB,2022-01-10 02:00:00,2,0,1,2022,0,133.9,10.1,57.0,1.96,39.1,0.0,946.6,200.0,0.846,0.3,0.21,SYNTHETIC,synthetic_demo_generator_v1
DEMO-HADAPSAR,Hadapsar,18.5089,73.926,MPCB,2022-01-10 03:00:00,3,0,1,2022,0,141.2,10.0,53.5,0.8,88.4,0.0,938.9,200.0,0.839,0.3,0.21,SYNTHETIC,synthetic_demo_generator_v1
DEMO-HADAPSAR,Hadapsar,18.5089,73.926,MPCB,2022-01-10 04:00:00,4,0,1,2022,0,183.4,12.0,55.8,1.14,102.7,0.0,943.0,210.0,0.86,0.3,0.21,SYNTHETIC,synthetic_demo_generator_v1
DEMO-HADAPSAR,Hadapsar,18.5089,73.926,MPCB,2022-01-10 05:00:00,5,0,1,2022,0,197.2,16.7,59.3,1.99,80.6,0.0,949.1,200.0,0.93,0.3,0.21,SYNTHETIC,synthetic_demo_generator_v1
DEMO-HADAPSAR,Hadapsar,18.5089,73.926,MPCB,2022-01-10 06:00:00,6,0,1,2022,0,272.3,16.0,68.6,1.16,102.8,0.0,942.2,264.0,1.0,0.85,0.21,SYNTHETIC,synthetic_demo_generator_v1
DEMO-HADAPSAR,Hadapsar,18.5089,73.926,MPCB,2022-01-10 07:00:00,7,0,1,2022,0,154.0,19.9,46.9,1.27,108.2,0.0,942.3,440.0,1.14,0.879,0.21,SYNTHETIC,synthetic_demo_generator_v1
DEMO-HADAPSAR,Hadapsar,18.5089,73.926,MPCB,2022-01-10 08:00:00,8,0,1,2022,0,87.8,18.7,53.1,2.15,68.9,0.0,946.6,1036.0,1.21,0.907,0.56,SYNTHETIC,synthetic_demo_generator_v1
DEMO-HADAPSAR,Hadapsar,18.5089,73.926,MPCB,2022-01-10 09:00:00,9,0,1,2022,0,77.8,22.8,55.2,0.0,127.3,0.0,943.3,1150.0,1.105,0.933,0.56,SYNTHETIC,synthetic_demo_generator_v1
DEMO-HADAPSAR,Hadapsar,18.5089,73.926,MPCB,2022-01-10 10:00:00,10,0,1,2022,0,40.4,22.7,59.0,2.09,357.8,0.0,943.4,1655.0,1.0,0.956,0.56,SYNTHETIC,synthetic_demo_generator_v1
DEMO-HADAPSAR,Hadapsar,18.5089,73.926,MPCB,2022-01-10 11:00:00,11,0,1,2022,0,33.4,23.2,61.4,2.12,128.6,0.0,942.3,1809.0,0.93,0.975,0.56,SYNTHETIC,synthetic_demo_generator_v1
DEMO-HADAPSAR,Hadapsar,18.5089,73.926,MPCB,2022-01-10 12:00:00,12,0,1,2022,0,26.8,25.8,70.1,2.59,91.3,0.0,942.9,1884.0,0.895,0.989,0.56,SYNTHETIC,synthetic_demo_generator_v1
DEMO-HADAPSAR,Hadapsar,18.5089,73.926,MPCB,2022-01-10 13:00:00,13,0,1,2022,0,21.4,24.6,46.2,1.97,92.0,0.0,945.1,2015.0,0.86,0.997,0.56,SYNTHETIC,synthetic_demo_generator_v1
DEMO-HADAPSAR,Hadapsar,18.5089,73.926,MPCB,2022-01-10 14:00:00,14,0,1,2022,0,30.4,22.4,50.2,3.22,71.6,0.0,945.2,1556.0,0.846,1.0,0.56,SYNTHETIC,synthetic_demo_generator_v1
DEMO-HADAPSAR,Hadapsar,18.5089,73.926,MPCB,2022-01-10 16:00:00,16,0,1,2022,0,66.5,21.7,47.5,1.12,138.4,0.0,943.3,807.0,0.93,0.989,0.56,SYNTHETIC,synthetic_demo_generator_v1
DEMO-HADAPSAR,Hadapsar,18.5089,73.926,MPCB,2022-01-10 17:00:00,17,0,1,2022,0,111.1,20.4,55.1,2.63,75.3,0.0,938.5,506.0,1.0,0.975,0.56,SYNTHETIC,synthetic_demo_generator_v1
DEMO-HADAPSAR,Hadapsar,18.5089,73.926,MPCB,2022-01-10 18:00:00,18,0,1,2022,0,253.5,17.2,33.0,1.27,88.5,0.0,942.1,200.0,1.105,0.956,0.21,SYNTHETIC,synthetic_demo_generator_v1
DEMO-HADAPSAR,Hadapsar,18.5089,73.926,MPCB,2022-01-10 19:00:00,19,0,1,2022,0,272.9,14.8,54.1,1.92,87.6,0.0,942.5,200.0,1.175,0.933,0.21,SYNTHETIC,synthetic_demo_generator_v1
DEMO-HADAPSAR,Hadapsar,18.5089,73.926,MPCB,2022-01-10 20:00:00,20,0,1,2022,0,194.1,17.8,57.4,3.29,126.2,0.0,943.9,200.0,1.14,0.907,0.21,SYNTHETIC,synthetic_demo_generator_v1
DEMO-HADAPSAR,Hadapsar,18.5089,73.926,MPCB,2022-01-10 21:00:00,21,0,1,2022,0,248.8,10.8,57.5,2.05,43.3,0.0,939.7,200.0,1.07,0.879,0.21,SYNTHETIC,synthetic_demo_generator_v1
DEMO-HADAPSAR,Hadapsar,18.5089,73.926,MPCB,2022-01-10 22:00:00,22,0,1,2022,0,239.3,10.9,62.8,1.63,50.1,0.0,947.9,200.0,1.0,0.3,0.21,SYNTHETIC,synthetic_demo_generator_v1
DEMO-HADAPSAR,Hadapsar,18.5089,73.926,MPCB,2022-01-10 23:00:00,23,0,1,2022,0,209.7,9.4,61.1,1.48,76.4,0.0,942.4,200.0,0.93,0.3,0.21,SYNTHETIC,synthetic_demo_generator_v1
DEMO-HADAPSAR,Hadapsar,18.5089,73.926,MPCB,2022-01-11 00:00:00,0,1,1,2022,0,137.4,9.9,61.9,2.72,108.9,0.0,941.2,200.0,0.895,0.3,0.21,SYNTHETIC,synthetic_demo_generator_v1
DEMO-HADAPSAR,Hadapsar,18.5089,73.926,MPCB,2022-01-11 01:00:00,1,1,1,2022,0,179.3,10.4,47.8,1.73,154.6,0.0,943.2,200.0,0.86,0.3,0.21,SYNTHETIC,synthetic_demo_generator_v1
DEMO-HADAPSAR,Hadapsar,18.5089,73.926,MPCB,2022-01-11 02:00:00,2,1,1,2022,0,119.8,11.6,52.2,2.18,137.8,0.0,942.6,200.0,0.846,0.3,0.21,SYNTHETIC,synthetic_demo_generator_v1
DEMO-HADAPSAR,Hadapsar,18.5089,73.926,MPCB,2022-01-11 03:00:00,3,1,1,2022,0,198.2,13.9,61.3,1.23,74.6,0.0,942.8,200.0,0.839,0.3,0.21,SYNTHETIC,synthetic_demo_generator_v1
DEMO-HADAPSAR,Hadapsar,18.5089,73.926,MPCB,2022-01-11 04:00:00,4,1,1,2022,0,173.1,11.4,64.0,2.96,99.7,0.0,946.7,200.0,0.86,0.3,0.21,SYNTHETIC,synthetic_demo_generator_v1
DEMO-HADAPSAR,Hadapsar,18.5089,73.926,MPCB,2022-01-11 05:00:00,5,1,1,2022,0,212.6,18.0,66.1,2.28,89.2,0.0,945.1,200.0,0.93,0.3,0.21,SYNTHETIC,synthetic_demo_generator_v1
DEMO-HADAPSAR,Hadapsar,18.5089,73.926,MPCB,2022-01-11 07:00:00,7,1,1,2022,0,240.2,19.4,58.1,2.22,75.2,0.0,945.1,232.0,1.14,0.879,0.21,SYNTHETIC,synthetic_demo_generator_v1
DEMO-HADAPSAR,Hadapsar,18.5089,73.926,MPCB,2022-01-11 08:00:00,8,1,1,2022,0,107.5,18.0,58.4,1.35,99.1,0.0,945.0,709.0,1.21,0.907,0.56,SYNTHETIC,synthetic_demo_generator_v1
DEMO-HADAPSAR,Hadapsar,18.5089,73.926,MPCB,2022-01-11 09:00:00,9,1,1,2022,0,45.0,18.0,54.0,1.86,114.7,0.0,938.3,1447.0,1.105,0.933,0.56,SYNTHETIC,synthetic_demo_generator_v1
DEMO-HADAPSAR,Hadapsar,18.5089,73.926,MPCB,2022-01-11 11:00:00,11,1,1,2022,0,31.0,23.4,52.6,2.29,26.4,0.0,945.2,1637.0,0.93,0.975,0.56,SYNTHETIC,synthetic_demo_generator_v1
DEMO-HADAPSAR,Hadapsar,18.5089,73.926,MPCB,2022-01-11 12:00:00,12,1,1,2022,0,25.4,25.1,65.4,1.22,68.0,0.0,939.4,2105.0,0.895,0.989,0.56,SYNTHETIC,synthetic_demo_generator_v1
DEMO-HADAPSAR,Hadapsar,18.5089,73.926,MPCB,2022-01-11 13:00:00,13,1,1,2022,0,24.7,22.5,62.1,1.7,82.2,0.0,944.5,1710.0,0.86,0.997,0.56,SYNTHETIC,synthetic_demo_generator_v1
DEMO-HADAPSAR,Hadapsar,18.5089,73.926,MPCB,2022-01-11 14:00:00,14,1,1,2022,0,30.1,23.8,66.0,2.21,92.4,0.0,940.7,1561.0,0.846,1.0,0.56,SYNTHETIC,synthetic_demo_generator_v1
DEMO-HADAPSAR,Hadapsar,18.5089,73.926,MPCB,2022-01-11 15:00:00,15,1,1,2022,0,44.2,20.8,55.0,0.96,138.8,0.0,942.8,1280.0,0.874,0.997,0.56,SYNTHETIC,synthetic_demo_generator_v1
DEMO-HADAPSAR,Hadapsar,18.5089,73.926,MPCB,2022-01-11 16:00:00,16,1,1,2022,0,82.5,22.0,72.9,2.58,87.2,0.0,941.9,757.0,0.93,0.989,0.56,SYNTHETIC,synthetic_demo_generator_v1
DEMO-HADAPSAR,Hadapsar,18.5089,73.926,MPCB,2022-01-11 17:00:00,17,1,1,2022,0,108.1,19.9,55.9,1.16,93.2,0.0,944.3,515.0,1.0,0.975,0.56,SYNTHETIC,synthetic_demo_generator_v1
DEMO-HADAPSAR,Hadapsar,18.5089,73.926,MPCB,2022-01-11 18:00:00,18,1,1,2022,0,278.9,16.4,44.3,2.3,112.2,0.0,941.6,200.0,1.105,0.956,0.21,SYNTHETIC,synthetic_demo_generator_v1
DEMO-HADAPSAR,Hadapsar,18.5089,73.926,MPCB,2022-01-11 19:00:00,19,1,1,2022,0,292.4,14.7,61.9,0.73,73.8,0.0,948.1,200.0,1.175,0.933,0.21,SYNTHETIC,synthetic_demo_generator_v1
DEMO-HADAPSAR,Hadapsar,18.5089,73.926,MPCB,2022-01-11 20:00:00,20,1,1,2022,0,286.2,15.1,57.6,1.3,87.1,0.0,946.6,200.0,1.14,0.907,0.21,SYNTHETIC,synthetic_demo_generator_v1
DEMO-HADAPSAR,Hadapsar,18.5089,73.926,MPCB,2022-01-11 21:00:00,21,1,1,2022,0,234.4,13.2,49.0,2.7,123.3,0.0,941.5,200.0,1.07,0.879,0.21,SYNTHETIC,synthetic_demo_generator_v1
DEMO-HADAPSAR,Hadapsar,18.5089,73.926,MPCB,2022-01-11 22:00:00,22,1,1,2022,0,224.9,13.6,58.8,1.28,100.2,0.0,949.1,200.0,1.0,0.3,0.21,SYNTHETIC,synthetic_demo_generator_v1
DEMO-HADAPSAR,Hadapsar,18.5089,73.926,MPCB,2022-01-11 23:00:00,23,1,1,2022,0,170.1,8.7,58.9,1.86,89.2,0.0,945.7,200.0,0.93,0.3,0.21,SYNTHETIC,synthetic_demo_generator_v1
DEMO-HADAPSAR,Hadapsar,18.5089,73.926,MPCB,2022-01-12 00:00:00,0,2,1,2022,0,192.7,10.5,68.5,2.88,58.2,0.0,945.0,200.0,0.895,0.3,0.21,SYNTHETIC,synthetic_demo_generator_v1
DEMO-HADAPSAR,Hadapsar,18.5089,73.926,MPCB,2022-01-12 01:00:00,1,2,1,2022,0,213.0,9.0,55.0,2.69,31.9,0.0,942.9,200.0,0.86,0.3,0.21,SYNTHETIC,synthetic_demo_generator_v1
DEMO-HADAPSAR,Hadapsar,18.5089,73.926,MPCB,2022-01-12 02:00:00,2,2,1,2022,0,143.3,10.8,50.0,2.06,116.9,0.0,943.0,200.0,0.846,0.3,0.21,SYNTHETIC,synthetic_demo_generator_v1
DEMO-HADAPSAR,Hadapsar,18.5089,73.926,MPCB,2022-01-12 04:00:00,4,2,1,2022,0,165.0,15.4,50.7,2.74,130.8,0.0,938.9,200.0,0.86,0.3,0.21,SYNTHETIC,synthetic_demo_generator_v1
DEMO-HADAPSAR,Hadapsar,18.5089,73.926,MPCB,2022-01-12 05:00:00,5,2,1,2022,0,245.2,13.6,63.2,1.25,69.8,0.0,941.5,200.0,0.93,0.3,0.21,SYNTHETIC,synthetic_demo_generator_v1
DEMO-HADAPSAR,Hadapsar,18.5089,73.926,MPCB,2022-01-12 06:00:00,6,2,1,2022,0,237.3,15.5,49.2,2.46,34.3,0.0,946.2,200.0,1.0,0.85,0.21,SYNTHETIC,synthetic_demo_generator_v1
DEMO-HADAPSAR,Hadapsar,18.5089,73.926,MPCB,2022-01-12 07:00:00,7,2,1,2022,0,240.1,19.2,46.5,1.29,109.1,0.0,945.2,318.0,1.14,0.879,0.21,SYNTHETIC,synthetic_demo_generator_v1
DEMO-HADAPSAR,Hadapsar,18.5089,73.926,MPCB,2022-01-12 08:00:00,8,2,1,2022,0,86.6,19.7,61.3,2.28,72.0,0.0,944.5,1008.0,1.21,0.907,0.56,SYNTHETIC,synthetic_demo_generator_v1
DEMO-HADAPSAR,Hadapsar,18.5089,73.926,MPCB,2022-01-12 09:00:00,9,2,1,2022,0,58.2,21.3,51.8,2.06,132.8,0.0,945.0,1125.0,1.105,0.933,0.56,SYNTHETIC,synthetic_demo_generator_v1
DEMO-HADAPSAR,Hadapsar,18.5089,73.926,MPCB,2022-01-12 10:00:00,10,2,1,2022,0,43.2,21.3,47.8,0.23,106.9,0.0,940.0,1579.0,1.0,0.956,0.56,SYNTHETIC,synthetic_demo_generator_v1
DEMO-HADAPSAR,Hadapsar,18.5089,73.926,MPCB,2022-01-12 11:00:00,11,2,1,2022,0,23.2,24.1,58.9,1.54,49.7,0.0,947.1,2112.0,0.93,0.975,0.56,SYNTHETIC,synthetic_demo_generator_v1
DEMO-HADAPSAR,Hadapsar,18.5089,73.926,MPCB,2022-01-12 12:00:00,12,2,1,2022,0,27.4,23.3,48.2,2.82,101.6,0.0,944.2,2025.0,0.895,0.989,0.56,SYNTHETIC,synthetic_demo_generator_v1
DEMO-HADAPSAR,Hadapsar,18.5089,73.926,MPCB,2022-01-12 13:00:00,13,2,1,2022,0,29.4,24.2,52.3,3.35,130.3,0.0,944.6,1795.0,0.86,0.997,0.56,SYNTHETIC,synthetic_demo_generator_v1
DEMO-HADAPSAR,Hadapsar,18.5089,73.926,MPCB,2022-01-12 14:00:00,14,2,1,2022,0,41.0,23.8,75.3,2.15,109.9,0.0,938.8,1486.0,0.846,1.0,0.56,SYNTHETIC,synthetic_demo_generator_v1
DEMO-HADAPSAR,Hadapsar,18.5089,73.926,MPCB,2022-01-12 15:00:00,15,2,1,2022,0,31.9,22.5,59.7,1.67,34.2,0.0,944.7,1535.0,0.874,0.997,0.56,SYNTHETIC,synthetic_demo_generator_v1
DEMO-HADAPSAR,Hadapsar,18.5089,73.926,MPCB,2022-01-12 16:00:00,16,2,1,2022,0,49.9,20.8,58.0,2.2,82.1,0.0,943.7,1050.0,0.93,0.989,0.56,SYNTHETIC,synthetic_demo_generator_v1
DEMO-HADAPSAR,Hadapsar,18.5089,73.926,MPCB,2022-01-12 17:00:00,17,2,1,2022,0,235.1,18.0,70.2,1.7,63.7,0.0,940.5,206.0,1.0,0.975,0.56,SYNTHETIC,synthetic_demo_generator_v1
DEMO-HADAPSAR,Hadapsar,18.5089,73.926,MPCB,2022-01-12 18:00:00,18,2,1,2022,0,227.2,18.7,59.8,2.02,60.2,0.0,943.6,200.0,1.105,0.956,0.21,SYNTHETIC,synthetic_demo_generator_v1
DEMO-HADAPSAR,Hadapsar,18.5089,73.926,MPCB,2022-01-12 19:00:00,19,2,1,2022,0,222.0,15.2,80.4,2.12,95.9,0.0,938.7,200.0,1.175,0.933,0.21,SYNTHETIC,synthetic_demo_generator_v1
DEMO-HADAPSAR,Hadapsar,18.5089,73.926,MPCB,2022-01-12 20:00:00,20,2,1,2022,0,146.7,14.5,59.2,2.69,35.4,0.0,939.2,200.0,1.14,0.907,0.21,SYNTHETIC,synthetic_demo_generator_v1
DEMO-HADAPSAR,Hadapsar,18.5089,73.926,MPCB,2022-01-12 21:00:00,21,2,1,2022,0,228.5,11.5,56.1,1.61,139.6,0.0,942.7,200.0,1.07,0.879,0.21,SYNTHETIC,synthetic_demo_generator_v1
DEMO-HADAPSAR,Hadapsar,18.5089,73.926,MPCB,2022-01-12 22:00:00,22,2,1,2022,0,205.5,13.6,59.3,1.27,68.2,0.0,946.4,200.0,1.0,0.3,0.21,SYNTHETIC,synthetic_demo_generator_v1
DEMO-HADAPSAR,Hadapsar,18.5089,73.926,MPCB,2022-01-12 23:00:00,23,2,1,2022,0,157.3,9.7,47.3,1.88,73.1,0.0,940.5,200.0,0.93,0.3,0.21,SYNTHETIC,synthetic_demo_generator_v1
DEMO-HADAPSAR,Hadapsar,18.5089,73.926,MPCB,2022-01-13 00:00:00,0,3,1,2022,0,196.9,11.4,75.2,1.69,73.8,0.0,940.2,200.0,0.895,0.3,0.21,SYNTHETIC,synthetic_demo_generator_v1
DEMO-HADAPSAR,Hadapsar,18.5089,73.926,MPCB,2022-01-13 01:00:00,1,3,1,2022,0,182.6,12.4,59.6,1.97,120.3,0.0,945.7,200.0,0.86,0.3,0.21,SYNTHETIC,synthetic_demo_generator_v1
DEMO-HADAPSAR,Hadapsar,18.5089,73.926,MPCB,2022-01-13 02:00:00,2,3,1,2022,0,194.7,11.6,71.1,2.14,163.4,0.0,943.4,200.0,0.846,0.3,0.21,SYNTHETIC,synthetic_demo_generator_v1
DEMO-HADAPSAR,Hadapsar,18.5089,73.926,MPCB,2022-01-13 03:00:00,3,3,1,2022,0,146.7,11.7,61.6,3.36,149.9,0.0,946.0,200.0,0.839,0.3,0.21,SYNTHETIC,synthetic_demo_generator_v1
DEMO-HADAPSAR,Hadapsar,18.5089,73.926,MPCB,2022-01-13 04:00:00,4,3,1,2022,0,162.7,15.9,56.6,2.46,85.4,0.0,944.3,200.0,0.86,0.3,0.21,SYNTHETIC,synthetic_demo_generator_v1
DEMO-HADAPSAR,Hadapsar,18.5089,73.926,MPCB,2022-01-13 05:00:00,5,3,1,2022,0,167.2,14.2,53.0,1.98,42.5,0.0,940.1,200.0,0.93,0.3,0.21,SYNTHETIC,synthetic_demo_generator_v1
DEMO-HADAPSAR,Hadapsar,18.5089,73.926,MPCB,2022-01-13 06:00:00,6,3,1,2022,0,217.9,14.3,58.4,1.83,93.9,0.0,940.7,200.0,1.0,0.85,0.21,SYNTHETIC,synthetic_demo_generator_v1
DEMO-HADAPSAR,Hadapsar,18.5089,73.926,MPCB,2022-01-13 07:00:00,7,3,1,2022,0,210.2,18.7,65.4,2.0,78.2,0.0,941.6,383.0,1.14,0.879,0.21,SYNTHETIC,synthetic_demo_generator_v1
DEMO-HADAPSAR,Hadapsar,18.5089,73.926,MPCB,2022-01-13 08:00:00,8,3,1,2022,0,100.7,20.0,47.3,0.82,96.7,0.0,947.0,930.0,1.21,0.907,0.56,SYNTHETIC,synthetic_demo_generator_v1
DEMO-HADAPSAR,Hadapsar,18.5089,73.926,MPCB,2022-01-13 09:00:00,9,3,1,2022,0,40.2,20.6,47.2,2.82,44.7,0.0,945.7,1248.0,1.105,0.933,0.56,SYNTHETIC,synthetic_demo_generator_v1
DEMO-HADAPSAR,Hadapsar,18.5089,73.926,MPCB,2022-01-13 10:00:00,10,3,1,2022,0,34.5,22.6,49.9,1.76,106.3,0.0,941.0,1672.0,1.0,0.956,0.56,SYNTHETIC,synthetic_demo_generator_v1
DEMO-HADAPSAR,Hadapsar,18.5089,73.926,MPCB,2022-01-13 11:00:00,11,3,1,2022,0,31.2,24.7,50.7,1.16,83.0,0.0,945.8,1661.0,0.93,0.975,0.56,SYNTHETIC,synthetic_demo_generator_v1
DEMO-HADAPSAR,Hadapsar,18.5089,73.926,MPCB,2022-01-13 12:00:00,12,3,1,2022,0,32.1,24.1,34.3,3.64,63.2,0.0,948.1,1583.0,0.895,0.989,0.56,SYNTHETIC,synthetic_demo_generator_v1
DEMO-HADAPSAR,Hadapsar,18.5089,73.926,MPCB,2022-01-13 13:00:00,13,3,1,2022,0,23.1,23.0,58.7,2.81,119.7,0.0,940.9,1888.0,0.86,0.997,0.56,SYNTHETIC,synthetic_demo_generator_v1
DEMO-HADAPSAR,Hadapsar,18.5089,73.926,MPCB,2022-01-13 14:00:00,14,3,1,2022,0,40.8,23.7,66.6,0.95,56.2,0.0,941.8,1493.0,0.846,1.0,0.56,SYNTHETIC,synthetic_demo_generator_v1
DEMO-HADAPSAR,Hadapsar,18.5089,73.926,MPCB,2022-01-13 15:00:00,15,3,1,2022,0,36.5,21.7,56.4,2.71,45.9,0.0,944.8,1270.0,0.874,0.997,0.56,SYNTHETIC,synthetic_demo_generator_v1
DEMO-HADAPSAR,Hadapsar,18.5089,73.926,MPCB,2022-01-13 16:00:00,16,3,1,2022,0,55.2,20.1,49.9,1.36,54.6,0.0,942.5,1165.0,0.93,0.989,0.56,SYNTHETIC,synthetic_demo_generator_v1
DEMO-HADAPSAR,Hadapsar,18.5089,73.926,MPCB,2022-01-13 17:00:00,17,3,1,2022,0,149.1,20.8,40.2,1.75,54.0,0.0,947.3,503.0,1.0,0.975,0.56,SYNTHETIC,synthetic_demo_generator_v1
DEMO-HADAPSAR,Hadapsar,18.5089,73.926,MPCB,2022-01-13 18:00:00,18,3,1,2022,0,227.9,16.7,53.6,2.68,50.2,0.0,942.4,200.0,1.105,0.956,0.21,SYNTHETIC,synthetic_demo_generator_v1
DEMO-HADAPSAR,Hadapsar,18.5089,73.926,MPCB,2022-01-13 19:00:00,19,3,1,2022,0,273.3,16.7,50.0,1.5,126.4,0.0,945.5,200.0,1.175,0.933,0.21,SYNTHETIC,synthetic_demo_generator_v1
DEMO-HADAPSAR,Hadapsar,18.5089,73.926,MPCB,2022-01-13 20:00:00,20,3,1,2022,0,294.0,13.3,55.1,2.69,87.0,0.0,947.5,200.0,1.14,0.907,0.21,SYNTHETIC,synthetic_demo_generator_v1
DEMO-HADAPSAR,Hadapsar,18.5089,73.926,MPCB,2022-01-13 21:00:00,21,3,1,2022,0,237.7,14.8,56.9,1.79,111.6,0.0,945.5,200.0,1.07,0.879,0.21,SYNTHETIC,synthetic_demo_generator_v1
DEMO-HADAPSAR,Hadapsar,18.5089,73.926,MPCB,2022-01-13 22:00:00,22,3,1,2022,0,190.7,10.6,58.0,0.38,106.1,0.0,950.8,200.0,1.0,0.3,0.21,SYNTHETIC,synthetic_demo_generator_v1
DEMO-HADAPSAR,Hadapsar,18.5089,73.926,MPCB,2022-01-13 23:00:00,23,3,1,2022,0,154.1,9.4,66.9,2.08,73.2,0.0,940.1,200.0,0.93,0.3,0.21,SYNTHETIC,synthetic_demo_generator_v1
DEMO-HADAPSAR,Hadapsar,18.5089,73.926,MPCB,2022-01-14 02:00:00,2,4,1,2022,0,153.4,10.6,60.1,2.01,101.5,0.0,941.0,311.0,0.846,0.3,0.21,SYNTHETIC,synthetic_demo_generator_v1
DEMO-HADAPSAR,Hadapsar,18.5089,73.926,MPCB,2022-01-14 03:00:00,3,4,1,2022,0,127.1,10.5,47.5,3.29,108.7,0.0,948.3,200.0,0.839,0.3,0.21,SYNTHETIC,synthetic_demo_generator_v1
DEMO-HADAPSAR,Hadapsar,18.5089,73.926,MPCB,2022-01-14 04:00:00,4,4,1,2022,0,165.6,12.7,58.4,1.94,48.0,0.0,944.0,200.0,0.86,0.3,0.21,SYNTHETIC,synthetic_demo_generator_v1
DEMO-HADAPSAR,Hadapsar,18.5089,73.926,MPCB,2022-01-14 05:00:00,5,4,1,2022,0,248.4,14.2,69.1,2.06,59.9,0.0,942.2,200.0,0.93,0.3,0.21,SYNTHETIC,synthetic_demo_generator_v1
DEMO-HADAPSAR,Hadapsar,18.5089,73.926,MPCB,2022-01-14 06:00:00,6,4,1,2022,0,272.8,15.6,56.6,1.84,136.2,0.0,943.9,200.0,1.0,0.85,0.21,SYNTHETIC,synthetic_demo_generator_v1
DEMO-HADAPSAR,Hadapsar,18.5089,73.926,MPCB,2022-01-14 07:00:00,7,4,1,2022,0,158.4,19.3,52.4,2.27,89.3,0.0,941.3,485.0,1.14,0.879,0.21,SYNTHETIC,synthetic_demo_generator_v1
DEMO-HADAPSAR,Hadapsar,18.5089,73.926,MPCB,2022-01-14 08:00:00,8,4,1,2022,0,135.9,20.7,47.0,0.61,63.8,0.0,942.9,584.0,1.21,0.907,0.56,SYNTHETIC,synthetic_demo_generator_v1
DEMO-HADAPSAR,Hadapsar,18.5089,73.926,MPCB,2022-01-14 09:00:00,9,4,1,2022,0,63.0,21.9,55.9,0.42,88.8,0.0,945.2,1340.0,1.105,0.933,0.56,SYNTHETIC,synthetic_demo_generator_v1
DEMO-HADAPSAR,Hadapsar,18.5089,73.926,MPCB,2022-01-14 10:00:00,10,4,1,2022,0,40.2,20.2,43.4,1.08,63.5,0.0,944.0,1592.0,1.0,0.956,0.56,SYNTHETIC,synthetic_demo_generator_v1
DEMO-HADAPSAR,Hadapsar,18.5089,73.926,MPCB,2022-01-14 11:00:00,11,4,1,2022,0,33.9,25.9,45.6,1.09,83.0,0.0,942.2,1505.0,0.93,0.975,0.56,SYNTHETIC,synthetic_demo_generator_v1
DEMO-HADAPSAR,Hadapsar,18.5089,73.926,MPCB,2022-01-14 12:00:00,12,4,1,2022,0,32.2,24.9,53.1,1.64,85.0,0.0,943.0,1539.0,0.895,0.989,0.56,SYNTHETIC,synthetic_demo_generator_v1
DEMO-HADAPSAR,Hadapsar,18.5089,73.926,MPCB,2022-01-14 13:00:00,13,4,1,2022,0,49.1,23.6,59.7,0.59,41.9,0.0,944.2,1446.0,0.86,0.997,0.56,SYNTHETIC,synthetic_demo_generator_v1
DEMO-HADAPSAR,Hadapsar,18.5089,73.926,MPCB,2022-01-14 14:00:00,14,4,1,2022,0,33.9,22.7,53.9,1.19,128.0,0.0,945.2,1513.0,0.846,1.0,0.56,SYNTHETIC,synthetic_demo_generator_v1
DEMO-HADAPSAR,Hadapsar,18.5089,73.926,MPCB,2022-01-14 15:00:00,15,4,1,2022,0,30.0,21.9,63.8,1.53,85.8,0.0,940.3,1486.0,0.874,0.997,0.56,SYNTHETIC,synthetic_demo_generator_v1
DEMO-HADAPSAR,Hadapsar,18.5089,73.926,MPCB,2022-01-14 16:00:00,16,4,1,2022,0,80.3,21.6,60.6,2.44,82.8,0.0,941.6,743.0,0.93,0.989,0.56,SYNTHETIC,synthetic_demo_generator_v1
DEMO-HADAPSAR,Hadapsar,18.5089,73.926,MPCB,2022-01-14 17:00:00,17,4,1,2022,0,151.4,16.1,70.7,3.96,8.8,0.0,942.8,358.0,1.0,0.975,0.56,SYNTHETIC,synthetic_demo_generator_v1
DEMO-HADAPSAR,Hadapsar,18.5089,73.926,MPCB,2022-01-14 18:00:00,18,4,1,2022,0,221.0,19.7,59.6,0.79,48.5,0.0,942.0,200.0,1.105,0.956,0.21,SYNTHETIC,synthetic_demo_generator_v1
DEMO-HADAPSAR,Hadapsar,18.5089,73.926,MPCB,2022-01-14 19:00:00,19,4,1,2022,0,239.4,14.7,62.6,1.37,142.1,0.0,939.7,200.0,1.175,0.933,0.21,SYNTHETIC,synthetic_demo_generator_v1
DEMO-HADAPSAR,Hadapsar,18.5089,73.926,MPCB,2022-01-14 20:00:00,20,4,1,2022,0,276.9,13.4,67.1,2.9,72.4,0.0,939.5,200.0,1.14,0.907,0.21,SYNTHETIC,synthetic_demo_generator_v1
DEMO-HADAPSAR,Hadapsar,18.5089,73.926,MPCB,2022-01-14 21:00:00,21,4,1,2022,0,233.0,10.0,66.8,1.38,134.4,0.0,944.3,200.0,1.07,0.879,0.21,SYNTHETIC,synthetic_demo_generator_v1
DEMO-HADAPSAR,Hadapsar,18.5089,73.926,MPCB,2022-01-14 22:00:00,22,4,1,2022,0,196.1,10.4,52.6,3.11,79.4,0.0,941.4,200.0,1.0,0.3,0.21,SYNTHETIC,synthetic_demo_generator_v1
DEMO-HADAPSAR,Hadapsar,18.5089,73.926,MPCB,2022-01-14 23:00:00,23,4,1,2022,0,212.8,8.5,67.3,1.71,56.8,0.0,938.6,200.0,0.93,0.3,0.21,SYNTHETIC,synthetic_demo_generator_v1
DEMO-HADAPSAR,Hadapsar,18.5089,73.926,MPCB,2022-01-15 00:00:00,0,5,1,2022,1,160.5,9.8,59.9,2.54,76.4,0.0,945.7,200.0,0.835,0.4,0.21,SYNTHETIC,synthetic_demo_generator_v1
DEMO-HADAPSAR,Hadapsar,18.5089,73.926,MPCB,2022-01-15 01:00:00,1,5,1,2022,1,133.8,11.8,57.2,2.94,30.6,0.0,936.6,200.0,0.804,0.4,0.21,SYNTHETIC,synthetic_demo_generator_v1
DEMO-HADAPSAR,Hadapsar,18.5089,73.926,MPCB,2022-01-15 02:00:00,2,5,1,2022,1,135.1,13.6,48.7,2.59,88.2,0.0,942.2,200.0,0.791,0.4,0.21,SYNTHETIC,synthetic_demo_generator_v1
DEMO-HADAPSAR,Hadapsar,18.5089,73.926,MPCB,2022-01-15 03:00:00,3,5,1,2022,1,129.5,12.8,54.9,0.96,136.4,0.0,943.2,200.0,0.785,0.4,0.21,SYNTHETIC,synthetic_demo_generator_v1
DEMO-HADAPSAR,Hadapsar,18.5089,73.926,MPCB,2022-01-15 04:00:00,4,5,1,2022,1,177.5,13.7,41.4,1.82,113.9,0.0,942.1,200.0,0.804,0.4,0.21,SYNTHETIC,synthetic_demo_generator_v1
DEMO-HADAPSAR,Hadapsar,18.5089,73.926,MPCB,2022-01-15 05:00:00,5,5,1,2022,1,140.8,13.6,43.3,1.15,130.7,0.0,941.2,200.0,0.867,0.4,0.21,SYNTHETIC,synthetic_demo_generator_v1
DEMO-HADAPSAR,Hadapsar,18.5089,73.926,MPCB,2022-01-15 06:00:00,6,5,1,2022,1,215.2,15.0,66.2,0.86,84.0,0.0,945.6,200.0,0.93,0.4,0.21,SYNTHETIC,synthetic_demo_generator_v1
DEMO-HADAPSAR,Hadapsar,18.5089,73.926,MPCB,2022-01-15 07:00:00,7,5,1,2022,1,157.9,18.5,54.3,1.34,29.3,0.0,941.6,520.0,1.056,0.4,0.21,SYNTHETIC,synthetic_demo_generator_v1
DEMO-HADAPSAR,Hadapsar,18.5089,73.926,MPCB,2022-01-15 08:00:00,8,5,1,2022,1,82.9,21.4,49.2,1.85,19.3,0.0,947.3,867.0,1.119,0.4,0.56,SYNTHETIC,synthetic_demo_generator_v1
DEMO-HADAPSAR,Hadapsar,18.5089,73.926,MPCB,2022-01-15 09:00:00,9,5,1,2022,1,62.3,24.9,42.3,3.29,73.2,0.0,941.9,1089.0,1.024,0.4,0.56,SYNTHETIC,synthetic_demo_generator_v1
DEMO-HADAPSAR,Hadapsar,18.5089,73.926,MPCB,2022-01-15 10:00:00,10,5,1,2022,1,37.3,23.8,43.3,1.29,68.4,0.0,942.5,1445.0,0.93,0.4,0.56,SYNTHETIC,synthetic_demo_generator_v1
DEMO-HADAPSAR,Hadapsar,18.5089,73.926,MPCB,2022-01-15 11:00:00,11,5,1,2022,1,25.7,23.9,64.7,1.52,113.0,0.0,943.1,1962.0,0.867,0.4,0.56,SYNTHETIC,synthetic_demo_generator_v1
DEMO-HADAPSAR,Hadapsar,18.5089,73.926,MPCB,2022-01-15 12:00:00,12,5,1,2022,1,35.7,22.1,56.0,2.92,25.4,0.0,948.0,1736.0,0.835,0.4,0.56,SYNTHETIC,synthetic_demo_generator_v1
DEMO-HADAPSAR,Hadapsar,18.5089,73.926,MPCB,2022-01-15 13:00:00,13,5,1,2022,1,30.6,26.0,55.2,2.85,69.3,0.0,944.6,1701.0,0.804,0.4,0.56,SYNTHETIC,synthetic_demo_generator_v1
DEMO-HADAPSAR,Hadapsar,18.5089,73.926,MPCB,2022-01-15 14:00:00,14,5,1,2022,1,23.8,23.6,64.8,2.83,85.9,0.0,945.2,1689.0,0.791,0.4,0.56,SYNTHETIC,synthetic_demo_generator_v1
DEMO-HADAPSAR,Hadapsar,18.5089,73.926,MPCB,2022-01-15 15:00:00,15,5,1,2022,1,24.8,21.7,58.0,2.99,50.1,0.0,944.4,1428.0,0.817,0.4,0.56,SYNTHETIC,synthetic_demo_generator_v1
DEMO-HADAPSAR,Hadapsar,18.5089,73.926,MPCB,2022-01-15 16:00:00,16,5,1,2022,1,83.5,18.4,59.9,2.13,40.6,0.0,943.9,892.0,0.867,0.4,0.56,SYNTHETIC,synthetic_demo_generator_v1
DEMO-HADAPSAR,Hadapsar,18.5089,73.926,MPCB,2022-01-15 17:00:00,17,5,1,2022,1,155.0,16.7,61.7,1.27,117.3,0.0,942.5,400.0,0.93,0.4,0.56,SYNTHETIC,synthetic_demo_generator_v1
DEMO-HADAPSAR,Hadapsar,18.5089,73.926,MPCB,2022-01-15 18:00:00,18,5,1,2022,1,212.6,17.3,51.7,2.27,90.6,0.0,944.9,200.0,1.024,0.4,0.21,SYNTHETIC,synthetic_demo_generator_v1
DEMO-HADAPSAR,Hadapsar,18.5089,73.926,MPCB,2022-01-15 19:00:00,19,5,1,2022,1,203.1,14.5,57.0,2.16,108.1,0.0,941.5,200.0,1.087,0.4,0.21,SYNTHETIC,synthetic_demo_generator_v1
DEMO-HADAPSAR,Hadapsar,18.5089,73.926,MPCB,2022-01-15 20:00:00,20,5,1,2022,1,208.0,13.6,50.8,1.35,128.7,0.0,944.9,200.0,1.056,0.4,0.21,SYNTHETIC,synthetic_demo_generator_v1
DEMO-HADAPSAR,Hadapsar,18.5089,73.926,MPCB,2022-01-15 21:00:00,21,5,1,2022,1,286.1,12.9,53.5,1.37,93.4,0.0,939.8,200.0,0.993,0.4,0.21,SYNTHETIC,synthetic_demo_generator_v1
DEMO-HADAPSAR,Hadapsar,18.5089,73.926,MPCB,2022-01-15 22:00:00,22,5,1,2022,1,159.8,7.4,46.0,2.37,50.6,0.0,944.1,200.0,0.93,0.4,0.21,SYNTHETIC,synthetic_demo_generator_v1
DEMO-HADAPSAR,Hadapsar,18.5089,73.926,MPCB,2022-01-15 23:00:00,23,5,1,2022,1,152.5,11.1,58.4,1.57,108.5,0.0,947.7,200.0,0.867,0.4,0.21,SYNTHETIC,synthetic_demo_generator_v1
DEMO-HADAPSAR,Hadapsar,18.5089,73.926,MPCB,2022-01-16 00:00:00,0,6,1,2022,1,154.8,10.8,51.8,3.23,71.8,0.0,945.6,266.0,0.835,0.4,0.21,SYNTHETIC,synthetic_demo_generator_v1
DEMO-HADAPSAR,Hadapsar,18.5089,73.926,MPCB,2022-01-16 01:00:00,1,6,1,2022,1,158.2,9.6,57.6,0.55,68.1,0.0,942.3,200.0,0.804,0.4,0.21,SYNTHETIC,synthetic_demo_generator_v1
DEMO-HADAPSAR,Hadapsar,18.5089,73.926,MPCB,2022-01-16 02:00:00,2,6,1,2022,1,123.7,12.9,66.1,2.54,76.4,0.0,940.4,200.0,0.791,0.4,0.21,SYNTHETIC,synthetic_demo_generator_v1
DEMO-HADAPSAR,Hadapsar,18.5089,73.926,MPCB,2022-01-16 03:00:00,3,6,1,2022,1,144.1,9.3,65.3,1.72,106.0,0.0,944.6,206.0,0.785,0.4,0.21,SYNTHETIC,synthetic_demo_generator_v1
DEMO-HADAPSAR,Hadapsar,18.5089,73.926,MPCB,2022-01-16 05:00:00,5,6,1,2022,1,215.3,14.9,60.6,2.16,47.9,0.0,942.8,200.0,0.867,0.4,0.21,SYNTHETIC,synthetic_demo_generator_v1
DEMO-HADAPSAR,Hadapsar,18.5089,73.926,MPCB,2022-01-16 06:00:00,6,6,1,2022,1,230.2,14.2,50.3,0.0,97.2,0.0,945.0,200.0,0.93,0.4,0.21,SYNTHETIC,synthetic_demo_generator_v1
DEMO-HADAPSAR,Hadapsar,18.5089,73.926,MPCB,2022-01-16 08:00:00,8,6,1,2022,1,115.5,20.8,65.0,2.91,90.2,0.0,937.2,734.0,1.119,0.4,0.56,SYNTHETIC,synthetic_demo_generator_v1
DEMO-HADAPSAR,Hadapsar,18.5089,73.926,MPCB,2022-01-16 09:00:00,9,6,1,2022,1,50.5,21.3,61.7,2.12,113.7,0.0,943.5,1329.0,1.024,0.4,0.56,SYNTHETIC,synthetic_demo_generator_v1
DEMO-HADAPSAR,Hadapsar,18.5089,73.926,MPCB,2022-01-16 10:00:00,10,6,1,2022,1,41.7,24.5,53.3,1.87,50.0,0.0,942.5,1370.0,0.93,0.4,0.56,SYNTHETIC,synthetic_demo_generator_v1
DEMO-HADAPSAR,Hadapsar,18.5089,73.926,MPCB,2022-01-16 11:00:00,11,6,1,2022,1,25.8,22.6,48.8,2.78,53.6,0.0,943.8,1762.0,0.867,0.4,0.56,SYNTHETIC,synthetic_demo_generator_v1
DEMO-HADAPSAR,Hadapsar,18.5089,73.926,MPCB,2022-01-16 12:00:00,12,6,1,2022,1,34.1,26.6,52.5,1.48,45.1,0.0,946.9,1863.0,0.835,0.4,0.56,SYNTHETIC,synthetic_demo_generator_v1
DEMO-HADAPSAR,Hadapsar,18.5089,73.926,MPCB,2022-01-16 13:00:00,13,6,1,2022,1,23.5,24.2,60.5,2.11,110.1,0.0,944.9,1763.0,0.804,0.4,0.56,SYNTHETIC,synthetic_demo_generator_v1
DEMO-HADAPSAR,Hadapsar,18.5089,73.926,MPCB,2022-01-16 14:00:00,14,6,1,2022,1,26.5,24.0,50.5,2.36,89.6,0.0,942.5,1544.0,0.791,0.4,0.56,SYNTHETIC,synthetic_demo_generator_v1
DEMO-HADAPSAR,Hadapsar,18.5089,73.926,MPCB,2022-01-16 15:00:00,15,6,1,2022,1,43.1,20.5,64.2,2.09,77.4,0.0,942.9,1078.0,0.817,0.4,0.56,SYNTHETIC,synthetic_demo_generator_v1
DEMO-HADAPSAR,Hadapsar,18.5089,73.926,MPCB,2022-01-16 16:00:00,16,6,1,2022,1,38.1,19.9,64.4,1.58,43.7,0.0,941.3,1099.0,0.867,0.4,0.56,SYNTHETIC,synthetic_demo_generator_v1
DEMO-HADAPSAR,Hadapsar,18.5089,73.926,MPCB,2022-01-16 17:00:00,17,6,1,2022,1,94.9,18.2,51.1,2.77,88.7,0.0,947.5,565.0,0.93,0.4,0.56,SYNTHETIC,synthetic_demo_generator_v1
DEMO-HADAPSAR,Hadapsar,18.5089,73.926,MPCB,2022-01-16 18:00:00,18,6,1,2022,1,310.1,16.9,60.1,1.56,56.8,0.0,942.0,200.0,1.024,0.4,0.21,SYNTHETIC,synthetic_demo_generator_v1
DEMO-HADAPSAR,Hadapsar,18.5089,73.926,MPCB,2022-01-16 19:00:00,19,6,1,2022,1,249.6,15.2,44.7,1.84,71.2,0.0,942.0,200.0,1.087,0.4,0.21,SYNTHETIC,synthetic_demo_generator_v1
DEMO-HADAPSAR,Hadapsar,18.5089,73.926,MPCB,2022-01-16 20:00:00,20,6,1,2022,1,186.0,12.8,45.9,2.59,114.5,0.0,945.4,200.0,1.056,0.4,0.21,SYNTHETIC,synthetic_demo_generator_v1
DEMO-HADAPSAR,Hadapsar,18.5089,73.926,MPCB,2022-01-16 21:00:00,21,6,1,2022,1,238.8,14.3,49.4,1.42,55.3,0.0,946.3,200.0,0.993,0.4,0.21,SYNTHETIC,synthetic_demo_generator_v1
DEMO-HADAPSAR,Hadapsar,18.5089,73.926,MPCB,2022-01-16 22:00:00,22,6,1,2022,1,172.9,9.5,67.1,1.22,122.4,0.0,941.9,200.0,0.93,0.4,0.21,SYNTHETIC,synthetic_demo_generator_v1
DEMO-HADAPSAR,Hadapsar,18.5089,73.926,MPCB,2022-01-16 23:00:00,23,6,1,2022,1,175.7,7.2,54.9,2.25,81.5,0.0,944.3,200.0,0.867,0.4,0.21,SYNTHETIC,synthetic_demo_generator_v1
DEMO-HADAPSAR,Hadapsar,18.5089,73.926,MPCB,2022-01-17 00:00:00,0,0,1,2022,0,176.6,11.6,54.3,1.11,166.5,0.0,940.3,200.0,0.895,0.3,0.21,SYNTHETIC,synthetic_demo_generator_v1
DEMO-HADAPSAR,Hadapsar,18.5089,73.926,MPCB,2022-01-17 01:00:00,1,0,1,2022,0,153.3,8.4,50.4,1.28,133.3,0.0,940.8,200.0,0.86,0.3,0.21,SYNTHETIC,synthetic_demo_generator_v1
DEMO-HADAPSAR,Hadapsar,18.5089,73.926,MPCB,2022-01-17 02:00:00,2,0,1,2022,0,168.9,11.9,46.7,2.37,131.8,0.0,943.0,200.0,0.846,0.3,0.21,SYNTHETIC,synthetic_demo_generator_v1
DEMO-HADAPSAR,Hadapsar,18.5089,73.926,MPCB,2022-01-17 03:00:00,3,0,1,2022,0,127.9,13.9,57.2,1.82,90.3,0.0,937.0,200.0,0.839,0.3,0.21,SYNTHETIC,synthetic_demo_generator_v1
DEMO-HADAPSAR,Hadapsar,18.5089,73.926,MPCB,2022-01-17 04:00:00,4,0,1,2022,0,180.5,13.1,63.2,1.12,58.8,0.0,940.4,200.0,0.86,0.3,0.21,SYNTHETIC,synthetic_demo_generator_v1
DEMO-HADAPSAR,Hadapsar,18.5089,73.926,MPCB,2022-01-17 05:00:00,5,0,1,2022,0,164.4,16.3,50.4,2.68,91.8,0.0,946.8,200.0,0.93,0.3,0.21,SYNTHETIC,synthetic_demo_generator_v1
DEMO-HADAPSAR,Hadapsar,18.5089,73.926,MPCB,2022-01-17 06:00:00,6,0,1,2022,0,184.0,16.2,61.8,2.87,74.4,0.0,941.1,200.0,1.0,0.85,0.21,SYNTHETIC,synthetic_demo_generator_v1
DEMO-HADAPSAR,Hadapsar,18.5089,73.926,MPCB,2022-01-17 07:00:00,7,0,1,2022,0,184.5,20.5,48.4,0.66,79.4,0.0,939.0,468.0,1.14,0.879,0.21,SYNTHETIC,synthetic_demo_generator_v1
DEMO-HADAPSAR,Hadapsar,18.5089,73.926,MPCB,2022-01-17 08:00:00,8,0,1,2022,0,101.6,21.6,56.6,1.89,46.6,0.0,944.5,906.0,1.21,0.907,0.56,SYNTHETIC,synthetic_demo_generator_v1
DEMO-HADAPSAR,Hadapsar,18.5089,73.926,MPCB,2022-01-17 09:00:00,9,0,1,2022,0,73.6,20.3,66.4,1.25,84.5,0.0,944.6,1150.0,1.105,0.933,0.56,SYNTHETIC,synthetic_demo_generator_v1
DEMO-HADAPSAR,Hadapsar,18.5089,73.926,MPCB,2022-01-17 10:00:00,10,0,1,2022,0,44.0,23.6,56.2,1.94,87.9,0.0,942.8,1504.0,1.0,0.956,0.56,SYNTHETIC,synthetic_demo_generator_v1
DEMO-HADAPSAR,Hadapsar,18.5089,73.926,MPCB,2022-01-17 11:00:00,11,0,1,2022,0,32.3,23.1,56.6,0.51,93.0,0.0,941.0,1711.0,0.93,0.975,0.56,SYNTHETIC,synthetic_demo_generator_v1
DEMO-HADAPSAR,Hadapsar,18.5089,73.926,MPCB,2022-01-17 12:00:00,12,0,1,2022,0,26.5,22.6,59.9,2.76,117.5,0.0,943.5,1820.0,0.895,0.989,0.56,SYNTHETIC,synthetic_demo_generator_v1
DEMO-HADAPSAR,Hadapsar,18.5089,73.926,MPCB,2022-01-17 13:00:00,13,0,1,2022,0,25.6,24.3,31.8,1.22,123.0,0.0,945.5,1795.0,0.86,0.997,0.56,SYNTHETIC,synthetic_demo_generator_v1
DEMO-HADAPSAR,Hadapsar,18.5089,73.926,MPCB,2022-01-17 14:00:00,14,0,1,2022,0,34.8,23.7,46.3,2.51,131.4,0.0,947.1,1665.0,0.846,1.0,0.56,SYNTHETIC,synthetic_demo_generator_v1
DEMO-HADAPSAR,Hadapsar,18.5089,73.926,MPCB,2022-01-17 15:00:00,15,0,1,2022,0,37.7,22.9,58.7,1.68,126.5,0.0,953.1,1376.0,0.874,0.997,0.56,SYNTHETIC,synthetic_demo_generator_v1
DEMO-HADAPSAR,Hadapsar,18.5089,73.926,MPCB,2022-01-17 16:00:00,16,0,1,2022,0,66.2,21.6,63.2,0.06,65.3,0.0,942.7,1010.0,0.93,0.989,0.56,SYNTHETIC,synthetic_demo_generator_v1
DEMO-HADAPSAR,Hadapsar,18.5089,73.926,MPCB,2022-01-17 17:00:00,17,0,1,2022,0,209.6,16.5,65.0,3.06,115.8,0.0,941.3,343.0,1.0,0.975,0.56,SYNTHETIC,synthetic_demo_generator_v1
DEMO-HADAPSAR,Hadapsar,18.5089,73.926,MPCB,2022-01-17 18:00:00,18,0,1,2022,0,303.0,16.9,53.1,2.36,109.0,0.0,944.0,200.0,1.105,0.956,0.21,SYNTHETIC,synthetic_demo_generator_v1
DEMO-HADAPSAR,Hadapsar,18.5089,73.926,MPCB,2022-01-17 19:00:00,19,0,1,2022,0,299.2,15.1,45.9,0.91,77.7,0.0,941.3,200.0,1.175,0.933,0.21,SYNTHETIC,synthetic_demo_generator_v1
DEMO-HADAPSAR,Hadapsar,18.5089,73.926,MPCB,2022-01-17 20:00:00,20,0,1,2022,0,223.3,11.9,60.3,2.16,108.0,0.0,947.3,200.0,1.14,0.907,0.21,SYNTHETIC,synthetic_demo_generator_v1
DEMO-HADAPSAR,Hadapsar,18.5089,73.926,MPCB,2022-01-17 21:00:00,21,0,1,2022,0,274.1,10.7,65.2,2.0,85.4,0.0,944.5,200.0,1.07,0.879,0.21,SYNTHETIC,synthetic_demo_generator_v1
DEMO-HADAPSAR,Hadapsar,18.5089,73.926,MPCB,2022-01-17 23:00:00,23,0,1,2022,0,178.4,8.8,45.9,3.05,95.6,0.0,941.3,200.0,0.93,0.3,0.21,SYNTHETIC,synthetic_demo_generator_v1
DEMO-HADAPSAR,Hadapsar,18.5089,73.926,MPCB,2022-01-18 00:00:00,0,1,1,2022,0,123.6,8.2,52.3,2.53,104.4,0.0,944.1,413.0,0.895,0.3,0.21,SYNTHETIC,synthetic_demo_generator_v1
DEMO-HADAPSAR,Hadapsar,18.5089,73.926,MPCB,2022-01-18 01:00:00,1,1,1,2022,0,186.1,9.3,58.8,1.85,137.0,0.0,942.0,200.0,0.86,0.3,0.21,SYNTHETIC,synthetic_demo_generator_v1
DEMO-HADAPSAR,Hadapsar,18.5089,73.926,MPCB,2022-01-18 02:00:00,2,1,1,2022,0,182.8,11.9,50.9,2.01,51.2,0.0,943.3,200.0,0.846,0.3,0.21,SYNTHETIC,synthetic_demo_generator_v1
DEMO-HADAPSAR,Hadapsar,18.5089,73.926,MPCB,2022-01-18 03:00:00,3,1,1,2022,0,128.3,12.4,48.8,2.69,54.3,0.0,948.6,336.0,0.839,0.3,0.21,SYNTHETIC,synthetic_demo_generator_v1
DEMO-HADAPSAR,Hadapsar,18.5089,73.926,MPCB,2022-01-18 04:00:00,4,1,1,2022,0,173.9,12.2,43.6,2.19,80.0,0.0,945.1,200.0,0.86,0.3,0.21,SYNTHETIC,synthetic_demo_generator_v1
DEMO-HADAPSAR,Hadapsar,18.5089,73.926,MPCB,2022-01-18 05:00:00,5,1,1,2022,0,173.2,13.7,58.6,1.62,93.8,0.0,946.5,200.0,0.93,0.3,0.21,SYNTHETIC,synthetic_demo_generator_v1
DEMO-HADAPSAR,Hadapsar,18.5089,73.926,MPCB,2022-01-18 06:00:00,6,1,1,2022,0,243.4,17.7,65.6,1.71,67.8,0.0,942.4,200.0,1.0,0.85,0.21,SYNTHETIC,synthetic_demo_generator_v1
DEMO-HADAPSAR,Hadapsar,18.5089,73.926,MPCB,2022-01-18 07:00:00,7,1,1,2022,0,222.0,20.3,54.3,2.63,110.7,0.0,941.1,329.0,1.14,0.879,0.21,SYNTHETIC,synthetic_demo_generator_v1
DEMO-HADAPSAR,Hadapsar,18.5089,73.926,MPCB,2022-01-18 08:00:00,8,1,1,2022,0,125.6,20.7,68.8,2.96,92.4,0.0,943.5,795.0,1.21,0.907,0.56,SYNTHETIC,synthetic_demo_generator_v1
DEMO-HADAPSAR,Hadapsar,18.5089,73.926,MPCB,2022-01-18 09:00:00,9,1,1,2022,0,53.1,24.0,60.8,0.94,150.3,0.0,945.7,1196.0,1.105,0.933,0.56,SYNTHETIC,synthetic_demo_generator_v1
DEMO-HADAPSAR,Hadapsar,18.5089,73.926,MPCB,2022-01-18 12:00:00,12,1,1,2022,0,22.6,21.8,46.0,2.04,81.2,0.0,939.3,1794.0,0.895,0.989,0.56,SYNTHETIC,synthetic_demo_generator_v1
DEMO-HADAPSAR,Hadapsar,18.5089,73.926,MPCB,2022-01-18 13:00:00,13,1,1,2022,0,31.6,23.0,47.7,1.99,76.8,0.0,946.9,1690.0,0.86,0.997,0.56,SYNTHETIC,synthetic_demo_generator_v1
DEMO-HADAPSAR,Hadapsar,18.5089,73.926,MPCB,2022-01-18 14:00:00,14,1,1,2022,0,36.7,21.8,52.9,2.76,134.6,0.0,941.1,1486.0,0.846,1.0,0.56,SYNTHETIC,synthetic_demo_generator_v1
DEMO-HADAPSAR,Hadapsar,18.5089,73.926,MPCB,2022-01-18 15:00:00,15,1,1,2022,0,55.0,21.3,56.7,1.03,63.1,0.0,943.3,1278.0,0.874,0.997,0.56,SYNTHETIC,synthetic_demo_generator_v1
DEMO-HADAPSAR,Hadapsar,18.5089,73.926,MPCB,2022-01-18 16:00:00,16,1,1,2022,0,51.5,18.7,54.1,2.98,108.0,0.0,941.2,1006.0,0.93,0.989,0.56,SYNTHETIC,synthetic_demo_generator_v1
DEMO-HADAPSAR,Hadapsar,18.5089,73.926,MPCB,2022-01-18 17:00:00,17,1,1,2022,0,211.7,20.6,46.2,3.44,49.8,0.0,942.1,323.0,1.0,0.975,0.56,SYNTHETIC,synthetic_demo_generator_v1
DEMO-HADAPSAR,Hadapsar,18.5089,73.926,MPCB,2022-01-18 18:00:00,18,1,1,2022,0,332.7,18.2,50.4,1.05,84.4,0.0,946.5,200.0,1.105,0.956,0.21,SYNTHETIC,synthetic_demo_generator_v1
DEMO-HADAPSAR,Hadapsar,18.5089,73.926,MPCB,2022-01-18 19:00:00,19,1,1,2022,0,278.1,15.0,59.4,1.63,81.9,0.0,942.7,200.0,1.175,0.933,0.21,SYNTHETIC,synthetic_demo_generator_v1
DEMO-HADAPSAR,Hadapsar,18.5089,73.926,MPCB,2022-01-18 20:00:00,20,1,1,2022,0,313.1,14.3,51.7,2.03,112.5,0.0,943.2,200.0,1.14,0.907,0.21,SYNTHETIC,synthetic_demo_generator_v1
DEMO-HADAPSAR,Hadapsar,18.5089,73.926,MPCB,2022-01-18 21:00:00,21,1,1,2022,0,272.0,11.2,52.0,2.47,61.6,0.0,942.3,200.0,1.07,0.879,0.21,SYNTHETIC,synthetic_demo_generator_v1
DEMO-HADAPSAR,Hadapsar,18.5089,73.926,MPCB,2022-01-18 22:00:00,22,1,1,2022,0,259.3,10.2,50.7,0.92,72.8,0.0,945.9,200.0,1.0,0.3,0.21,SYNTHETIC,synthetic_demo_generator_v1
DEMO-HADAPSAR,Hadapsar,18.5089,73.926,MPCB,2022-01-18 23:00:00,23,1,1,2022,0,232.8,11.2,54.8,2.22,85.6,0.0,942.4,200.0,0.93,0.3,0.21,SYNTHETIC,synthetic_demo_generator_v1
DEMO-HADAPSAR,Hadapsar,18.5089,73.926,MPCB,2022-01-19 00:00:00,0,2,1,2022,0,187.7,6.7,40.4,2.0,149.1,0.0,941.3,200.0,0.895,0.3,0.21,SYNTHETIC,synthetic_demo_generator_v1
DEMO-HADAPSAR,Hadapsar,18.5089,73.926,MPCB,2022-01-19 01:00:00,1,2,1,2022,0,221.8,9.6,62.7,1.84,45.1,0.0,938.8,200.0,0.86,0.3,0.21,SYNTHETIC,synthetic_demo_generator_v1
DEMO-HADAPSAR,Hadapsar,18.5089,73.926,MPCB,2022-01-19 02:00:00,2,2,1,2022,0,158.9,13.2,63.1,2.28,95.0,0.0,946.5,200.0,0.846,0.3,0.21,SYNTHETIC,synthetic_demo_generator_v1
DEMO-HADAPSAR,Hadapsar,18.5089,73.926,MPCB,2022-01-19 03:00:00,3,2,1,2022,0,155.1,12.7,59.3,3.41,76.5,0.0,942.8,200.0,0.839,0.3,0.21,SYNTHETIC,synthetic_demo_generator_v1
DEMO-HADAPSAR,Hadapsar,18.5089,73.926,MPCB,2022-01-19 04:00:00,4,2,1,2022,0,110.4,13.3,45.7,3.14,55.3,0.0,938.9,200.0,0.86,0.3,0.21,SYNTHETIC,synthetic_demo_generator_v1
DEMO-HADAPSAR,Hadapsar,18.5089,73.926,MPCB,2022-01-19 05:00:00,5,2,1,2022,0,161.2,13.4,50.8,3.55,47.5,0.0,940.1,200.0,0.93,0.3,0.21,SYNTHETIC,synthetic_demo_generator_v1
DEMO-HADAPSAR,Hadapsar,18.5089,73.926,MPCB,2022-01-19 06:00:00,6,2,1,2022,0,288.7,17.8,54.0,1.17,97.9,0.0,939.6,200.0,1.0,0.85,0.21,SYNTHETIC,synthetic_demo_generator_v1
DEMO-HADAPSAR,Hadapsar,18.5089,73.926,MPCB,2022-01-19 07:00:00,7,2,1,2022,0,121.0,19.9,59.7,3.02,116.7,0.0,946.2,449.0,1.14,0.879,0.21,SYNTHETIC,synthetic_demo_generator_v1
DEMO-HADAPSAR,Hadapsar,18.5089,73.926,MPCB,2022-01-19 08:00:00,8,2,1,2022,0,104.7,22.1,53.7,2.46,106.1,0.0,942.5,736.0,1.21,0.907,0.56,SYNTHETIC,synthetic_demo_generator_v1
DEMO-HADAPSAR,Hadapsar,18.5089,73.926,MPCB,2022-01-19 09:00:00,9,2,1,2022,0,58.4,21.5,67.9,2.84,40.8,0.0,946.4,1475.0,1.105,0.933,0.56,SYNTHETIC,synthetic_demo_generator_v1
DEMO-HADAPSAR,Hadapsar,18.5089,73.926,MPCB,2022-01-19 11:00:00,11,2,1,2022,0,24.6,21.8,54.4,1.07,56.5,0.0,947.1,1748.0,0.93,0.975,0.56,SYNTHETIC,synthetic_demo_generator_v1
DEMO-HADAPSAR,Hadapsar,18.5089,73.926,MPCB,2022-01-19 12:00:00,12,2,1,2022,0,24.4,23.3,66.4,2.01,116.9,0.0,938.9,1560.0,0.895,0.989,0.56,SYNTHETIC,synthetic_demo_generator_v1
DEMO-HADAPSAR,Hadapsar,18.5089,73.926,MPCB,2022-01-19 13:00:00,13,2,1,2022,0,35.8,24.7,66.9,1.84,77.9,0.0,943.2,1645.0,0.86,0.997,0.56,SYNTHETIC,synthetic_demo_generator_v1
DEMO-HADAPSAR,Hadapsar,18.5089,73.926,MPCB,2022-01-19 14:00:00,14,2,1,2022,0,29.2,24.8,61.1,3.41,46.9,0.0,946.4,1410.0,0.846,1.0,0.56,SYNTHETIC,synthetic_demo_generator_v1
DEMO-HADAPSAR,Hadapsar,18.5089,73.926,MPCB,2022-01-19 15:00:00,15,2,1,2022,0,39.3,22.6,51.3,3.59,67.9,0.0,942.7,1369.0,0.874,0.997,0.56,SYNTHETIC,synthetic_demo_generator_v1
DEMO-HADAPSAR,Hadapsar,18.5089,73.926,MPCB,2022-01-19 16:00:00,16,2,1,2022,0,76.3,19.9,46.4,1.58,75.2,0.0,941.3,789.0,0.93,0.989,0.56,SYNTHETIC,synthetic_demo_generator_v1
DEMO-HADAPSAR,Hadapsar,18.5089,73.926,MPCB,2022-01-19 17:00:00,17,2,1,2022,0,132.6,18.4,63.6,1.64,88.6,0.0,946.6,535.0,1.0,0.975,0.56,SYNTHETIC,synthetic_demo_generator_v1
DEMO-HADAPSAR,Hadapsar,18.5089,73.926,MPCB,2022-01-19 18:00:00,18,2,1,2022,0,278.0,12.2,54.4,1.34,101.9,0.0,938.1,200.0,1.105,0.956,0.21,SYNTHETIC,synthetic_demo_generator_v1
DEMO-HADAPSAR,Hadapsar,18.5089,73.926,MPCB,2022-01-19 19:00:00,19,2,1,2022,0,235.4,14.6,54.2,1.19,34.4,0.0,944.3,200.0,1.175,0.933,0.21,SYNTHETIC,synthetic_demo_generator_v1
DEMO-HADAPSAR,Hadapsar,18.5089,73.926,MPCB,2022-01-19 20:00:00,20,2,1,2022,0,222.2,16.0,50.0,3.03,68.0,0.0,945.8,200.0,1.14,0.907,0.21,SYNTHETIC,synthetic_demo_generator_v1
DEMO-HADAPSAR,Hadapsar,18.5089,73.926,MPCB,2022-01-19 21:00:00,21,2,1,2022,0,199.3,12.0,64.5,1.71,120.2,0.0,938.8,200.0,1.07,0.879,0.21,SYNTHETIC,synthetic_demo_generator_v1
DEMO-HADAPSAR,Hadapsar,18.5089,73.926,MPCB,2022-01-19 22:00:00,22,2,1,2022,0,282.2,13.4,72.3,1.15,97.7,0.0,940.6,200.0,1.0,0.3,0.21,SYNTHETIC,synthetic_demo_generator_v1
DEMO-HADAPSAR,Hadapsar,18.5089,73.926,MPCB,2022-01-19 23:00:00,23,2,1,2022,0,208.4,10.5,51.0,1.67,89.0,0.0,943.5,200.0,0.93,0.3,0.21,SYNTHETIC,synthetic_demo_generator_v1
DEMO-HADAPSAR,Hadapsar,18.5089,73.926,MPCB,2022-01-20 00:00:00,0,3,1,2022,0,193.9,10.3,49.0,2.49,33.6,0.0,944.9,200.0,0.895,0.3,0.21,SYNTHETIC,synthetic_demo_generator_v1
DEMO-HADAPSAR,Hadapsar,18.5089,73.926,MPCB,2022-01-20 01:00:00,1,3,1,2022,0,157.6,7.8,49.2,2.46,91.3,0.0,946.5,200.0,0.86,0.3,0.21,SYNTHETIC,synthetic_demo_generator_v1
DEMO-HADAPSAR,Hadapsar,18.5089,73.926,MPCB,2022-01-20 02:00:00,2,3,1,2022,0,184.7,10.7,44.8,0.92,105.8,0.0,938.6,212.0,0.846,0.3,0.21,SYNTHETIC,synthetic_demo_generator_v1
DEMO-HADAPSAR,Hadapsar,18.5089,73.926,MPCB,2022-01-20 03:00:00,3,3,1,2022,0,179.1,11.9,47.5,2.31,88.0,0.0,941.4,200.0,0.839,0.3,0.21,SYNTHETIC,synthetic_demo_generator_v1
DEMO-HADAPSAR,Hadapsar,18.5089,73.926,MPCB,2022-01-20 04:00:00,4,3,1,2022,0,127.3,9.9,61.4,0.5,47.5,0.0,941.7,326.0,0.86,0.3,0.21,SYNTHETIC,synthetic_demo_generator_v1
DEMO-HADAPSAR,Hadapsar,18.5089,73.926,MPCB,2022-01-20 05:00:00,5,3,1,2022,0,183.5,13.5,56.3,1.83,70.2,0.0,941.8,200.0,0.93,0.3,0.21,SYNTHETIC,synthetic_demo_generator_v1
DEMO-HADAPSAR,Hadapsar,18.5089,73.926,MPCB,2022-01-20 06:00:00,6,3,1,2022,0,232.5,16.1,78.7,1.47,27.9,0.0,939.0,200.0,1.0,0.85,0.21,SYNTHETIC,synthetic_demo_generator_v1
DEMO-HADAPSAR,Hadapsar,18.5089,73.926,MPCB,2022-01-20 07:00:00,7,3,1,2022,0,130.1,19.6,57.2,2.09,116.9,0.0,944.8,505.0,1.14,0.879,0.21,SYNTHETIC,synthetic_demo_generator_v1
DEMO-HADAPSAR,Hadapsar,18.5089,73.926,MPCB,2022-01-20 08:00:00,8,3,1,2022,0,97.5,22.9,48.2,2.71,74.0,0.0,944.6,701.0,1.21,0.907,0.56,SYNTHETIC,synthetic_demo_generator_v1
DEMO-HADAPSAR,Hadapsar,18.5089,73.926,MPCB,2022-01-20 09:00:00,9,3,1,2022,0,45.9,23.0,58.7,1.34,80.2,0.0,942.4,1385.0,1.105,0.933,0.56,SYNTHETIC,synthetic_demo_generator_v1
DEMO-HADAPSAR,Hadapsar,18.5089,73.926,MPCB,2022-01-20 10:00:00,10,3,1,2022,0,63.0,22.5,62.9,2.17,87.0,0.0,939.4,1387.0,1.0,0.956,0.56,SYNTHETIC,synthetic_demo_generator_v1
DEMO-HADAPSAR,Hadapsar,18.5089,73.926,MPCB,2022-01-20 11:00:00,11,3,1,2022,0,35.8,24.7,52.2,3.3,102.1,0.0,943.7,1758.0,0.93,0.975,0.56,SYNTHETIC,synthetic_demo_generator_v1
DEMO-HADAPSAR,Hadapsar,18.5089,73.926,MPCB,2022-01-20 12:00:00,12,3,1,2022,0,23.5,27.9,61.2,1.79,71.6,0.0,942.9,1820.0,0.895,0.989,0.56,SYNTHETIC,synthetic_demo_generator_v1
DEMO-HADAPSAR,Hadapsar,18.5089,73.926,MPCB,2022-01-20 13:00:00,13,3,1,2022,0,33.4,26.5,63.6,1.15,29.4,0.0,941.1,1555.0,0.86,0.997,0.56,SYNTHETIC,synthetic_demo_generator_v1
DEMO-HADAPSAR,Hadapsar,18.5089,73.926,MPCB,2022-01-20 14:00:00,14,3,1,2022,0,26.3,23.2,51.8,1.54,78.9,0.0,944.2,1655.0,0.846,1.0,0.56,SYNTHETIC,synthetic_demo_generator_v1
DEMO-HADAPSAR,Hadapsar,18.5089,73.926,MPCB,2022-01-20 15:00:00,15,3,1,2022,0,59.4,21.8,60.1,3.88,102.1,0.0,941.1,1179.0,0.874,0.997,0.56,SYNTHETIC,synthetic_demo_generator_v1
DEMO-HADAPSAR,Hadapsar,18.5089,73.926,MPCB,2022-01-20 16:00:00,16,3,1,2022,0,43.4,20.3,51.7,0.0,93.7,0.0,942.5,1091.0,0.93,0.989,0.56,SYNTHETIC,synthetic_demo_generator_v1
DEMO-HADAPSAR,Hadapsar,18.5089,73.926,MPCB,2022-01-20 17:00:00,17,3,1,2022,0,236.6,19.8,67.3,1.71,130.1,0.0,940.4,304.0,1.0,0.975,0.56,SYNTHETIC,synthetic_demo_generator_v1
DEMO-HADAPSAR,Hadapsar,18.5089,73.926,MPCB,2022-01-20 18:00:00,18,3,1,2022,0,294.9,16.3,51.2,0.63,88.7,0.0,944.6,200.0,1.105,0.956,0.21,SYNTHETIC,synthetic_demo_generator_v1
DEMO-HADAPSAR,Hadapsar,18.5089,73.926,MPCB,2022-01-20 19:00:00,19,3,1,2022,0,336.4,15.5,43.9,2.25,73.4,0.0,943.5,200.0,1.175,0.933,0.21,SYNTHETIC,synthetic_demo_generator_v1
DEMO-HADAPSAR,Hadapsar,18.5089,73.926,MPCB,2022-01-20 20:00:00,20,3,1,2022,0,289.8,12.3,50.9,1.11,105.9,0.0,943.0,200.0,1.14,0.907,0.21,SYNTHETIC,synthetic_demo_generator_v1
DEMO-HADAPSAR,Hadapsar,18.5089,73.926,MPCB,2022-01-20 21:00:00,21,3,1,2022,0,200.9,15.4,36.3,1.63,115.5,0.0,942.2,200.0,1.07,0.879,0.21,SYNTHETIC,synthetic_demo_generator_v1
DEMO-HADAPSAR,Hadapsar,18.5089,73.926,MPCB,2022-01-20 22:00:00,22,3,1,2022,0,239.9,10.1,58.4,2.58,48.9,0.0,946.4,200.0,1.0,0.3,0.21,SYNTHETIC,synthetic_demo_generator_v1
DEMO-HADAPSAR,Hadapsar,18.5089,73.926,MPCB,2022-01-20 23:00:00,23,3,1,2022,0,161.1,9.6,62.7,1.95,141.6,0.0,941.7,200.0,0.93,0.3,0.21,SYNTHETIC,synthetic_demo_generator_v1
DEMO-HADAPSAR,Hadapsar,18.5089,73.926,MPCB,2022-01-21 00:00:00,0,4,1,2022,0,183.2,11.3,40.8,1.93,103.8,0.0,943.1,202.0,0.895,0.3,0.21,SYNTHETIC,synthetic_demo_generator_v1
DEMO-HADAPSAR,Hadapsar,18.5089,73.926,MPCB,2022-01-21 01:00:00,1,4,1,2022,0,142.6,10.0,43.1,4.26,75.1,0.0,941.8,200.0,0.86,0.3,0.21,SYNTHETIC,synthetic_demo_generator_v1
DEMO-HADAPSAR,Hadapsar,18.5089,73.926,MPCB,2022-01-21 02:00:00,2,4,1,2022,0,182.2,13.5,48.6,3.39,150.7,0.0,944.3,200.0,0.846,0.3,0.21,SYNTHETIC,synthetic_demo_generator_v1
DEMO-HADAPSAR,Hadapsar,18.5089,73.926,MPCB,2022-01-21 03:00:00,3,4,1,2022,0,133.2,10.3,60.0,0.69,35.1,0.0,942.7,200.0,0.839,0.3,0.21,SYNTHETIC,synthetic_demo_generator_v1
DEMO-HADAPSAR,Hadapsar,18.5089,73.926,MPCB,2022-01-21 04:00:00,4,4,1,2022,0,142.9,13.5,59.7,1.0,89.7,0.0,939.6,200.0,0.86,0.3,0.21,SYNTHETIC,synthetic_demo_generator_v1
DEMO-HADAPSAR,Hadapsar,18.5089,73.926,MPCB,2022-01-21 05:00:00,5,4,1,2022,0,180.5,16.1,54.9,1.78,57.8,0.0,941.9,200.0,0.93,0.3,0.21,SYNTHETIC,synthetic_demo_generator_v1
DEMO-HADAPSAR,Hadapsar,18.5089,73.926,MPCB,2022-01-21 06:00:00,6,4,1,2022,0,224.9,16.4,55.6,2.45,83.0,0.0,942.4,200.0,1.0,0.85,0.21,SYNTHETIC,synthetic_demo_generator_v1
DEMO-HADAPSAR,Hadapsar,18.5089,73.926,MPCB,2022-01-21 07:00:00,7,4,1,2022,0,158.0,17.7,56.7,2.12,33.3,0.0,943.2,543.0,1.14,0.879,0.21,SYNTHETIC,synthetic_demo_generator_v1
DEMO-HADAPSAR,Hadapsar,18.5089,73.926,MPCB,2022-01-21 08:00:00,8,4,1,2022,0,119.6,22.8,71.5,2.19,70.8,0.0,942.4,971.0,1.21,0.907,0.56,SYNTHETIC,synthetic_demo_generator_v1
DEMO-HADAPSAR,Hadapsar,18.5089,73.926,MPCB,2022-01-21 09:00:00,9,4,1,2022,0,70.4,20.0,57.0,2.86,100.8,0.0,942.8,1056.0,1.105,0.933,0.56,SYNTHETIC,synthetic_demo_generator_v1
DEMO-HADAPSAR,Hadapsar,18.5089,73.926,MPCB,2022-01-21 10:00:00,10,4,1,2022,0,37.0,25.8,70.1,3.59,61.8,0.0,944.4,1689.0,1.0,0.956,0.56,SYNTHETIC,synthetic_demo_generator_v1
DEMO-HADAPSAR,Hadapsar,18.5089,73.926,MPCB,2022-01-21 11:00:00,11,4,1,2022,0,39.6,24.6,48.5,0.94,59.3,0.0,943.7,1724.0,0.93,0.975,0.56,SYNTHETIC,synthetic_demo_generator_v1
DEMO-HADAPSAR,Hadapsar,18.5089,73.926,MPCB,2022-01-21 12:00:00,12,4,1,2022,0,22.3,27.7,48.7,0.59,90.2,0.0,942.3,1898.0,0.895,0.989,0.56,SYNTHETIC,synthetic_demo_generator_v1
DEMO-HADAPSAR,Hadapsar,18.5089,73.926,MPCB,2022-01-21 13:00:00,13,4,1,2022,0,28.1,23.7,46.7,0.98,126.7,0.0,940.6,1739.0,0.86,0.997,0.56,SYNTHETIC,synthetic_demo_generator_v1
DEMO-HADAPSAR,Hadapsar,18.5089,73.926,MPCB,2022-01-21 15:00:00,15,4,1,2022,0,45.1,22.2,62.2,1.07,84.1,0.0,942.4,1335.0,0.874,0.997,0.56,SYNTHETIC,synthetic_demo_generator_v1
DEMO-HADAPSAR,Hadapsar,18.5089,73.926,MPCB,2022-01-21 16:00:00,16,4,1,2022,0,58.3,19.4,47.2,2.07,127.6,0.0,946.8,976.0,0.93,0.989,0.56,SYNTHETIC,synthetic_demo_generator_v1
DEMO-HADAPSAR,Hadapsar,18.5089,73.926,MPCB,2022-01-21 17:00:00,17,4,1,2022,0,100.1,17.6,58.1,2.27,66.0,0.0,937.5,529.0,1.0,0.975,0.56,SYNTHETIC,synthetic_demo_generator_v1
DEMO-HADAPSAR,Hadapsar,18.5089,73.926,MPCB,2022-01-21 18:00:00,18,4,1,2022,0,249.1,17.2,42.6,1.82,143.8,0.0,943.3,200.0,1.105,0.956,0.21,SYNTHETIC,synthetic_demo_generator_v1
DEMO-HADAPSAR,Hadapsar,18.5089,73.926,MPCB,2022-01-21 19:00:00,19,4,1,2022,0,302.7,13.8,46.8,1.83,38.4,0.0,943.7,200.0,1.175,0.933,0.21,SYNTHETIC,synthetic_demo_generator_v1
DEMO-HADAPSAR,Hadapsar,18.5089,73.926,MPCB,2022-01-21 20:00:00,20,4,1,2022,0,242.9,12.9,48.6,2.64,40.8,0.0,939.6,200.0,1.14,0.907,0.21,SYNTHETIC,synthetic_demo_generator_v1
DEMO-HADAPSAR,Hadapsar,18.5089,73.926,MPCB,2022-01-21 21:00:00,21,4,1,2022,0,282.0,13.5,61.7,2.16,76.7,0.0,943.3,200.0,1.07,0.879,0.21,SYNTHETIC,synthetic_demo_generator_v1
DEMO-HADAPSAR,Hadapsar,18.5089,73.926,MPCB,2022-01-21 23:00:00,23,4,1,2022,0,207.0,9.5,54.2,2.86,100.0,0.0,940.0,200.0,0.93,0.3,0.21,SYNTHETIC,synthetic_demo_generator_v1
DEMO-HADAPSAR,Hadapsar,18.5089,73.926,MPCB,2022-01-22 00:00:00,0,5,1,2022,1,136.3,11.6,50.6,0.07,143.0,0.0,941.0,200.0,0.835,0.4,0.21,SYNTHETIC,synthetic_demo_generator_v1
DEMO-HADAPSAR,Hadapsar,18.5089,73.926,MPCB,2022-01-22 01:00:00,1,5,1,2022,1,163.7,13.2,55.1,1.25,88.5,0.0,942.2,200.0,0.804,0.4,0.21,SYNTHETIC,synthetic_demo_generator_v1
DEMO-HADAPSAR,Hadapsar,18.5089,73.926,MPCB,2022-01-22 02:00:00,2,5,1,2022,1,201.3,10.6,54.1,1.96,125.0,0.0,937.1,200.0,0.791,0.4,0.21,SYNTHETIC,synthetic_demo_generator_v1
DEMO-HADAPSAR,Hadapsar,18.5089,73.926,MPCB,2022-01-22 03:00:00,3,5,1,2022,1,93.0,12.0,43.6,2.34,81.9,0.0,944.3,200.0,0.785,0.4,0.21,SYNTHETIC,synthetic_demo_generator_v1
DEMO-HADAPSAR,Hadapsar,18.5089,73.926,MPCB,2022-01-22 04:00:00,4,5,1,2022,1,150.1,12.9,65.4,2.13,128.5,0.0,944.2,200.0,0.804,0.4,0.21,SYNTHETIC,synthetic_demo_generator_v1
DEMO-HADAPSAR,Hadapsar,18.5089,73.926,MPCB,2022-01-22 05:00:00,5,5,1,2022,1,176.0,14.7,61.4,1.58,77.1,0.0,939.5,200.0,0.867,0.4,0.21,SYNTHETIC,synthetic_demo_generator_v1
DEMO-HADAPSAR,Hadapsar,18.5089,73.926,MPCB,2022-01-22 06:00:00,6,5,1,2022,1,185.2,15.2,65.4,1.71,67.3,0.0,942.6,200.0,0.93,0.4,0.21,SYNTHETIC,synthetic_demo_generator_v1
DEMO-HADAPSAR,Hadapsar,18.5089,73.926,MPCB,2022-01-22 07:00:00,7,5,1,2022,1,158.7,17.3,51.1,3.42,94.3,0.0,941.0,200.0,1.056,0.4,0.21,SYNTHETIC,synthetic_demo_generator_v1
DEMO-HADAPSAR,Hadapsar,18.5089,73.926,MPCB,2022-01-22 08:00:00,8,5,1,2022,1,71.7,23.0,55.3,1.9,137.8,0.0,943.0,960.0,1.119,0.4,0.56,SYNTHETIC,synthetic_demo_generator_v1
DEMO-HADAPSAR,Hadapsar,18.5089,73.926,MPCB,2022-01-22 09:00:00,9,5,1,2022,1,50.5,19.5,55.6,2.13,113.7,0.0,945.3,1243.0,1.024,0.4,0.56,SYNTHETIC,synthetic_demo_generator_v1
DEMO-HADAPSAR,Hadapsar,18.5089,73.926,MPCB,2022-01-22 10:00:00,10,5,1,2022,1,40.1,23.3,63.2,2.24,73.9,0.0,943.3,1668.0,0.93,0.4,0.56,SYNTHETIC,synthetic_demo_generator_v1
DEMO-HADAPSAR,Hadapsar,18.5089,73.926,MPCB,2022-01-22 11:00:00,11,5,1,2022,1,27.2,24.7,64.5,2.84,90.0,0.0,945.6,1638.0,0.867,0.4,0.56,SYNTHETIC,synthetic_demo_generator_v1
DEMO-HADAPSAR,Hadapsar,18.5089,73.926,MPCB,2022-01-22 12:00:00,12,5,1,2022,1,29.9,25.4,54.8,1.35,98.1,0.0,942.4,1764.0,0.835,0.4,0.56,SYNTHETIC,synthetic_demo_generator_v1
DEMO-HADAPSAR,Hadapsar,18.5089,73.926,MPCB,2022-01-22 13:00:00,13,5,1,2022,1,26.2,24.2,59.2,2.92,99.3,0.0,941.8,1690.0,0.804,0.4,0.56,SYNTHETIC,synthetic_demo_generator_v1
DEMO-HADAPSAR,Hadapsar,18.5089,73.926,MPCB,2022-01-22 14:00:00,14,5,1,2022,1,35.1,23.1,45.7,1.85,107.6,0.0,941.8,1510.0,0.791,0.4,0.56,SYNTHETIC,synthetic_demo_generator_v1
DEMO-HADAPSAR,Hadapsar,18.5089,73.926,MPCB,2022-01-22 15:00:00,15,5,1,2022,1,38.7,22.7,48.5,0.74,29.3,0.0,943.2,1317.0,0.817,0.4,0.56,SYNTHETIC,synthetic_demo_generator_v1
DEMO-HADAPSAR,Hadapsar,18.5089,73.926,MPCB,2022-01-22 16:00:00,16,5,1,2022,1,47.3,17.3,56.1,3.14,63.3,0.0,942.6,840.0,0.867,0.4,0.56,SYNTHETIC,synthetic_demo_generator_v1
DEMO-HADAPSAR,Hadapsar,18.5089,73.926,MPCB,2022-01-22 17:00:00,17,5,1,2022,1,128.0,19.2,61.3,1.74,62.3,0.0,945.3,383.0,0.93,0.4,0.56,SYNTHETIC,synthetic_demo_generator_v1
DEMO-HADAPSAR,Hadapsar,18.5089,73.926,MPCB,2022-01-22 18:00:00,18,5,1,2022,1,192.0,17.2,43.1,1.64,128.3,0.0,944.3,200.0,1.024,0.4,0.21,SYNTHETIC,synthetic_demo_generator_v1
DEMO-HADAPSAR,Hadapsar,18.5089,73.926,MPCB,2022-01-22 19:00:00,19,5,1,2022,1,261.8,17.1,59.6,1.46,66.2,0.0,943.7,200.0,1.087,0.4,0.21,SYNTHETIC,synthetic_demo_generator_v1
DEMO-HADAPSAR,Hadapsar,18.5089,73.926,MPCB,2022-01-22 20:00:00,20,5,1,2022,1,260.1,13.0,59.0,2.54,52.6,0.0,940.7,200.0,1.056,0.4,0.21,SYNTHETIC,synthetic_demo_generator_v1
DEMO-HADAPSAR,Hadapsar,18.5089,73.926,MPCB,2022-01-22 21:00:00,21,5,1,2022,1,154.8,12.1,49.1,1.19,143.2,0.0,945.1,200.0,0.993,0.4,0.21,SYNTHETIC,synthetic_demo_generator_v1
DEMO-HADAPSAR,Hadapsar,18.5089,73.926,MPCB,2022-01-22 22:00:00,22,5,1,2022,1,162.6,13.0,59.3,3.54,105.1,0.0,943.8,200.0,0.93,0.4,0.21,SYNTHETIC,synthetic_demo_generator_v1
DEMO-HADAPSAR,Hadapsar,18.5089,73.926,MPCB,2022-01-22 23:00:00,23,5,1,2022,1,183.0,10.4,58.5,2.77,87.8,0.0,942.1,200.0,0.867,0.4,0.21,SYNTHETIC,synthetic_demo_generator_v1
DEMO-HADAPSAR,Hadapsar,18.5089,73.926,MPCB,2022-01-23 00:00:00,0,6,1,2022,1,157.6,10.2,61.0,3.47,70.9,0.0,940.6,200.0,0.835,0.4,0.21,SYNTHETIC,synthetic_demo_generator_v1
DEMO-HADAPSAR,Hadapsar,18.5089,73.926,MPCB,2022-01-23 01:00:00,1,6,1,2022,1,192.8,8.8,58.0,2.63,124.7,0.0,944.0,200.0,0.804,0.4,0.21,SYNTHETIC,synthetic_demo_generator_v1
DEMO-HADAPSAR,Hadapsar,18.5089,73.926,MPCB,2022-01-23 02:00:00,2,6,1,2022,1,137.6,9.1,53.2,1.85,97.6,0.0,944.7,200.0,0.791,0.4,0.21,SYNTHETIC,synthetic_demo_generator_v1
DEMO-HADAPSAR,Hadapsar,18.5089,73.926,MPCB,2022-01-23 03:00:00,3,6,1,2022,1,148.1,12.9,55.9,2.29,50.1,0.0,944.4,200.0,0.785,0.4,0.21,SYNTHETIC,synthetic_demo_generator_v1
DEMO-HADAPSAR,Hadapsar,18.5089,73.926,MPCB,2022-01-23 04:00:00,4,6,1,2022,1,124.0,13.2,45.3,2.4,132.9,0.0,938.9,200.0,0.804,0.4,0.21,SYNTHETIC,synthetic_demo_generator_v1
DEMO-HADAPSAR,Hadapsar,18.5089,73.926,MPCB,2022-01-23 05:00:00,5,6,1,2022,1,153.1,15.2,50.6,1.59,73.1,0.0,941.8,200.0,0.867,0.4,0.21,SYNTHETIC,synthetic_demo_generator_v1
DEMO-HADAPSAR,Hadapsar,18.5089,73.926,MPCB,2022-01-23 06:00:00,6,6,1,2022,1,203.9,20.0,54.9,2.56,105.6,0.0,941.5,200.0,0.93,0.4,0.21,SYNTHETIC,synthetic_demo_generator_v1
DEMO-HADAPSAR,Hadapsar,18.5089,73.926,MPCB,2022-01-23 07:00:00,7,6,1,2022,1,270.7,18.5,66.9,1.34,68.4,0.0,940.2,244.0,1.056,0.4,0.21,SYNTHETIC,synthetic_demo_generator_v1
DEMO-HADAPSAR,Hadapsar,18.5089,73.926,MPCB,2022-01-23 08:00:00,8,6,1,2022,1,157.6,19.5,64.5,3.64,56.7,0.0,944.8,468.0,1.119,0.4,0.56,SYNTHETIC,synthetic_demo_generator_v1
DEMO-HADAPSAR,Hadapsar,18.5089,73.926,MPCB,2022-01-23 09:00:00,9,6,1,2022,1,50.6,20.6,52.9,1.81,73.9,0.0,938.7,1171.0,1.024,0.4,0.56,SYNTHETIC,synthetic_demo_generator_v1
DEMO-HADAPSAR,Hadapsar,18.5089,73.926,MPCB,2022-01-23 10:00:00,10,6,1,2022,1,48.3,24.1,48.4,2.88,92.2,0.0,942.6,1258.0,0.93,0.4,0.56,SYNTHETIC,synthetic_demo_generator_v1
DEMO-HADAPSAR,Hadapsar,18.5089,73.926,MPCB,2022-01-23 11:00:00,11,6,1,2022,1,32.3,22.3,69.2,2.51,100.2,0.0,942.0,1744.0,0.867,0.4,0.56,SYNTHETIC,synthetic_demo_generator_v1
DEMO-HADAPSAR,Hadapsar,18.5089,73.926,MPCB,2022-01-23 12:00:00,12,6,1,2022,1,31.1,24.5,43.7,2.8,91.2,0.0,942.8,1509.0,0.835,0.4,0.56,SYNTHETIC,synthetic_demo_generator_v1
DEMO-HADAPSAR,Hadapsar,18.5089,73.926,MPCB,2022-01-23 13:00:00,13,6,1,2022,1,25.6,26.1,61.8,1.81,59.8,0.0,941.4,2030.0,0.804,0.4,0.56,SYNTHETIC,synthetic_demo_generator_v1
DEMO-HADAPSAR,Hadapsar,18.5089,73.926,MPCB,2022-01-23 14:00:00,14,6,1,2022,1,30.8,21.6,69.7,3.5,89.9,0.0,943.7,1412.0,0.791,0.4,0.56,SYNTHETIC,synthetic_demo_generator_v1
DEMO-HADAPSAR,Hadapsar,18.5089,73.926,MPCB,2022-01-23 15:00:00,15,6,1,2022,1,36.0,20.6,51.3,1.64,64.7,0.0,943.8,1336.0,0.817,0.4,0.56,SYNTHETIC,synthetic_demo_generator_v1
DEMO-HADAPSAR,Hadapsar,18.5089,73.926,MPCB,2022-01-23 16:00:00,16,6,1,2022,1,56.5,22.6,50.7,3.13,134.3,0.0,940.7,987.0,0.867,0.4,0.56,SYNTHETIC,synthetic_demo_generator_v1
DEMO-HADAPSAR,Hadapsar,18.5089,73.926,MPCB,2022-01-23 17:00:00,17,6,1,2022,1,116.3,19.1,63.9,2.22,47.9,0.0,941.6,491.0,0.93,0.4,0.56,SYNTHETIC,synthetic_demo_generator_v1
DEMO-HADAPSAR,Hadapsar,18.5089,73.926,MPCB,2022-01-23 18:00:00,18,6,1,2022,1,186.7,16.2,47.3,3.68,122.0,0.0,943.9,200.0,1.024,0.4,0.21,SYNTHETIC,synthetic_demo_generator_v1
DEMO-HADAPSAR,Hadapsar,18.5089,73.926,MPCB,2022-01-23 19:00:00,19,6,1,2022,1,249.9,14.1,64.8,1.63,77.7,0.0,942.1,200.0,1.087,0.4,0.21,SYNTHETIC,synthetic_demo_generator_v1
DEMO-HADAPSAR,Hadapsar,18.5089,73.926,MPCB,2022-01-23 20:00:00,20,6,1,2022,1,227.4,14.7,65.1,2.7,89.0,0.0,940.9,200.0,1.056,0.4,0.21,SYNTHETIC,synthetic_demo_generator_v1
DEMO-HADAPSAR,Hadapsar,18.5089,73.926,MPCB,2022-01-23 21:00:00,21,6,1,2022,1,200.1,10.9,41.7,0.77,77.5,0.0,939.7,200.0,0.993,0.4,0.21,SYNTHETIC,synthetic_demo_generator_v1
DEMO-HADAPSAR,Hadapsar,18.5089,73.926,MPCB,2022-01-23 22:00:00,22,6,1,2022,1,162.3,9.6,63.6,1.59,101.9,0.0,939.0,200.0,0.93,0.4,0.21,SYNTHETIC,synthetic_demo_generator_v1
DEMO-HADAPSAR,Hadapsar,18.5089,73.926,MPCB,2022-01-23 23:00:00,23,6,1,2022,1,163.1,9.4,57.6,2.66,45.5,0.0,941.1,200.0,0.867,0.4,0.21,SYNTHETIC,synthetic_demo_generator_v1
DEMO-HADAPSAR,Hadapsar,18.5089,73.926,MPCB,2022-01-24 00:00:00,0,0,1,2022,0,191.1,5.5,50.2,1.08,126.1,0.0,941.9,200.0,0.895,0.3,0.21,SYNTHETIC,synthetic_demo_generator_v1
DEMO-HADAPSAR,Hadapsar,18.5089,73.926,MPCB,2022-01-24 01:00:00,1,0,1,2022,0,172.7,11.7,57.4,2.51,155.6,0.0,942.2,200.0,0.86,0.3,0.21,SYNTHETIC,synthetic_demo_generator_v1
DEMO-HADAPSAR,Hadapsar,18.5089,73.926,MPCB,2022-01-24 02:00:00,2,0,1,2022,0,160.0,11.6,42.9,1.33,93.2,0.0,937.3,200.0,0.846,0.3,0.21,SYNTHETIC,synthetic_demo_generator_v1
DEMO-HADAPSAR,Hadapsar,18.5089,73.926,MPCB,2022-01-24 03:00:00,3,0,1,2022,0,165.6,10.8,51.9,2.92,105.9,0.0,945.8,200.0,0.839,0.3,0.21,SYNTHETIC,synthetic_demo_generator_v1
DEMO-HADAPSAR,Hadapsar,18.5089,73.926,MPCB,2022-01-24 04:00:00,4,0,1,2022,0,137.9,14.7,60.4,2.72,69.7,0.0,941.6,200.0,0.86,0.3,0.21,SYNTHETIC,synthetic_demo_generator_v1
DEMO-HADAPSAR,Hadapsar,18.5089,73.926,MPCB,2022-01-24 05:00:00,5,0,1,2022,0,190.1,18.0,42.4,1.04,71.4,0.0,946.3,200.0,0.93,0.3,0.21,SYNTHETIC,synthetic_demo_generator_v1
DEMO-HADAPSAR,Hadapsar,18.5089,73.926,MPCB,2022-01-24 06:00:00,6,0,1,2022,0,194.8,17.8,49.9,2.14,49.9,0.0,942.7,200.0,1.0,0.85,0.21,SYNTHETIC,synthetic_demo_generator_v1
DEMO-HADAPSAR,Hadapsar,18.5089,73.926,MPCB,2022-01-24 07:00:00,7,0,1,2022,0,104.1,20.1,55.3,1.83,40.7,0.0,940.6,646.0,1.14,0.879,0.21,SYNTHETIC,synthetic_demo_generator_v1
DEMO-HADAPSAR,Hadapsar,18.5089,73.926,MPCB,2022-01-24 08:00:00,8,0,1,2022,0,77.3,23.4,47.4,2.86,55.4,0.0,944.6,1006.0,1.21,0.907,0.56,SYNTHETIC,synthetic_demo_generator_v1
DEMO-HADAPSAR,Hadapsar,18.5089,73.926,MPCB,2022-01-24 09:00:00,9,0,1,2022,0,62.1,20.0,63.7,1.71,23.9,0.0,941.4,1410.0,1.105,0.933,0.56,SYNTHETIC,synthetic_demo_generator_v1
DEMO-HADAPSAR,Hadapsar,18.5089,73.926,MPCB,2022-01-24 10:00:00,10,0,1,2022,0,52.3,21.7,56.8,2.07,103.9,0.0,941.8,1419.0,1.0,0.956,0.56,SYNTHETIC,synthetic_demo_generator_v1
DEMO-HADAPSAR,Hadapsar,18.5089,73.926,MPCB,2022-01-24 11:00:00,11,0,1,2022,0,34.5,22.4,45.8,2.8,31.0,0.0,940.9,1757.0,0.93,0.975,0.56,SYNTHETIC,synthetic_demo_generator_v1
DEMO-HADAPSAR,Hadapsar,18.5089,73.926,MPCB,2022-01-24 12:00:00,12,0,1,2022,0,38.5,23.9,65.0,2.41,86.2,0.0,945.0,1919.0,0.895,0.989,0.56,SYNTHETIC,synthetic_demo_generator_v1
DEMO-HADAPSAR,Hadapsar,18.5089,73.926,MPCB,2022-01-24 13:00:00,13,0,1,2022,0,39.5,23.4,50.0,3.13,107.4,0.0,940.7,1555.0,0.86,0.997,0.56,SYNTHETIC,synthetic_demo_generator_v1
DEMO-HADAPSAR,Hadapsar,18.5089,73.926,MPCB,2022-01-24 14:00:00,14,0,1,2022,0,36.2,23.7,57.2,2.1,173.0,0.0,945.3,1397.0,0.846,1.0,0.56,SYNTHETIC,synthetic_demo_generator_v1
DEMO-HADAPSAR,Hadapsar,18.5089,73.926,MPCB,2022-01-24 15:00:00,15,0,1,2022,0,52.4,21.8,67.7,1.98,92.3,0.0,944.2,1258.0,0.874,0.997,0.56,SYNTHETIC,synthetic_demo_generator_v1
DEMO-HADAPSAR,Hadapsar,18.5089,73.926,MPCB,2022-01-24 16:00:00,16,0,1,2022,0,81.9,19.2,59.6,2.33,128.6,0.0,943.0,838.0,0.93,0.989,0.56,SYNTHETIC,synthetic_demo_generator_v1
DEMO-HADAPSAR,Hadapsar,18.5089,73.926,MPCB,2022-01-24 17:00:00,17,0,1,2022,0,96.1,17.2,48.4,3.19,144.7,0.0,945.5,664.0,1.0,0.975,0.56,SYNTHETIC,synthetic_demo_generator_v1
DEMO-HADAPSAR,Hadapsar,18.5089,73.926,MPCB,2022-01-24 18:00:00,18,0,1,2022,0,367.3,16.4,55.1,1.51,128.3,0.0,945.1,200.0,1.105,0.956,0.21,SYNTHETIC,synthetic_demo_generator_v1
DEMO-HADAPSAR,Hadapsar,18.5089,73.926,MPCB,2022-01-24 19:00:00,19,0,1,2022,0,298.3,15.2,55.0,1.27,103.2,0.0,938.9,200.0,1.175,0.933,0.21,SYNTHETIC,synthetic_demo_generator_v1
DEMO-HADAPSAR,Hadapsar,18.5089,73.926,MPCB,2022-01-24 20:00:00,20,0,1,2022,0,285.6,11.6,62.8,1.95,93.0,0.0,943.0,200.0,1.14,0.907,0.21,SYNTHETIC,synthetic_demo_generator_v1
DEMO-HADAPSAR,Hadapsar,18.5089,73.926,MPCB,2022-01-24 21:00:00,21,0,1,2022,0,200.7,12.7,55.8,2.87,98.9,0.0,941.9,200.0,1.07,0.879,0.21,SYNTHETIC,synthetic_demo_generator_v1
DEMO-HADAPSAR,Hadapsar,18.5089,73.926,MPCB,2022-01-24 22:00:00,22,0,1,2022,0,247.9,12.2,54.0,0.53,111.5,0.0,943.4,200.0,1.0,0.3,0.21,SYNTHETIC,synthetic_demo_generator_v1
DEMO-HADAPSAR,Hadapsar,18.5089,73.926,MPCB,2022-01-24 23:00:00,23,0,1,2022,0,248.4,10.3,56.6,2.14,87.8,0.0,940.4,200.0,0.93,0.3,0.21,SYNTHETIC,synthetic_demo_generator_v1
DEMO-HADAPSAR,Hadapsar,18.5089,73.926,MPCB,2022-01-25 00:00:00,0,1,1,2022,0,197.2,9.9,55.4,2.12,64.6,0.0,945.3,200.0,0.895,0.3,0.21,SYNTHETIC,synthetic_demo_generator_v1
DEMO-HADAPSAR,Hadapsar,18.5089,73.926,MPCB,2022-01-25 01:00:00,1,1,1,2022,0,238.0,11.2,55.0,2.18,82.5,0.0,941.5,243.0,0.86,0.3,0.21,SYNTHETIC,synthetic_demo_generator_v1
DEMO-HADAPSAR,Hadapsar,18.5089,73.926,MPCB,2022-01-25 02:00:00,2,1,1,2022,0,161.3,13.8,39.7,2.22,53.7,0.0,942.0,200.0,0.846,0.3,0.21,SYNTHETIC,synthetic_demo_generator_v1
DEMO-HADAPSAR,Hadapsar,18.5089,73.926,MPCB,2022-01-25 03:00:00,3,1,1,2022,0,173.7,14.6,57.0,3.26,113.8,0.0,943.4,200.0,0.839,0.3,0.21,SYNTHETIC,synthetic_demo_generator_v1
DEMO-HADAPSAR,Hadapsar,18.5089,73.926,MPCB,2022-01-25 04:00:00,4,1,1,2022,0,150.1,15.1,62.8,1.36,73.6,0.0,940.5,200.0,0.86,0.3,0.21,SYNTHETIC,synthetic_demo_generator_v1
DEMO-HADAPSAR,Hadapsar,18.5089,73.926,MPCB,2022-01-25 05:00:00,5,1,1,2022,0,151.9,17.2,41.8,2.52,96.8,0.0,941.8,200.0,0.93,0.3,0.21,SYNTHETIC,synthetic_demo_generator_v1
DEMO-HADAPSAR,Hadapsar,18.5089,73.926,MPCB,2022-01-25 06:00:00,6,1,1,2022,0,220.0,17.7,54.8,1.13,70.4,0.0,942.3,200.0,1.0,0.85,0.21,SYNTHETIC,synthetic_demo_generator_v1
DEMO-HADAPSAR,Hadapsar,18.5089,73.926,MPCB,2022-01-25 07:00:00,7,1,1,2022,0,278.4,18.1,53.5,0.86,130.3,0.0,942.3,284.0,1.14,0.879,0.21,SYNTHETIC,synthetic_demo_generator_v1
DEMO-HADAPSAR,Hadapsar,18.5089,73.926,MPCB,2022-01-25 08:00:00,8,1,1,2022,0,121.9,19.3,66.6,2.76,77.1,0.0,940.2,683.0,1.21,0.907,0.56,SYNTHETIC,synthetic_demo_generator_v1
DEMO-HADAPSAR,Hadapsar,18.5089,73.926,MPCB,2022-01-25 10:00:00,10,1,1,2022,0,52.4,24.8,72.2,3.02,122.6,0.0,943.6,1432.0,1.0,0.956,0.56,SYNTHETIC,synthetic_demo_generator_v1
DEMO-HADAPSAR,Hadapsar,18.5089,73.926,MPCB,2022-01-25 11:00:00,11,1,1,2022,0,32.8,24.2,54.2,2.46,79.9,0.0,938.5,1703.0,0.93,0.975,0.56,SYNTHETIC,synthetic_demo_generator_v1
DEMO-HADAPSAR,Hadapsar,18.5089,73.926,MPCB,2022-01-25 12:00:00,12,1,1,2022,0,39.4,23.8,74.4,1.89,81.6,0.0,941.9,1654.0,0.895,0.989,0.56,SYNTHETIC,synthetic_demo_generator_v1
DEMO-HADAPSAR,Hadapsar,18.5089,73.926,MPCB,2022-01-25 13:00:00,13,1,1,2022,0,26.5,23.7,67.4,2.0,70.6,0.0,944.5,1616.0,0.86,0.997,0.56,SYNTHETIC,synthetic_demo_generator_v1
DEMO-HADAPSAR,Hadapsar,18.5089,73.926,MPCB,2022-01-25 14:00:00,14,1,1,2022,0,25.5,24.0,60.1,2.02,94.8,0.0,943.6,1609.0,0.846,1.0,0.56,SYNTHETIC,synthetic_demo_generator_v1
DEMO-HADAPSAR,Hadapsar,18.5089,73.926,MPCB,2022-01-25 15:00:00,15,1,1,2022,0,30.8,20.0,46.1,1.76,85.6,0.0,940.2,1391.0,0.874,0.997,0.56,SYNTHETIC,synthetic_demo_generator_v1
DEMO-HADAPSAR,Hadapsar,18.5089,73.926,MPCB,2022-01-25 16:00:00,16,1,1,2022,0,124.6,19.6,64.2,2.02,98.8,0.0,942.5,502.0,0.93,0.989,0.56,SYNTHETIC,synthetic_demo_generator_v1
DEMO-HADAPSAR,Hadapsar,18.5089,73.926,MPCB,2022-01-25 17:00:00,17,1,1,2022,0,205.4,18.0,62.2,2.6,104.6,0.0,944.7,200.0,1.0,0.975,0.56,SYNTHETIC,synthetic_demo_generator_v1
DEMO-HADAPSAR,Hadapsar,18.5089,73.926,MPCB,2022-01-25 18:00:00,18,1,1,2022,0,287.1,14.2,44.8,2.09,168.3,0.0,947.1,200.0,1.105,0.956,0.21,SYNTHETIC,synthetic_demo_generator_v1
DEMO-HADAPSAR,Hadapsar,18.5089,73.926,MPCB,2022-01-25 20:00:00,20,1,1,2022,0,275.5,11.1,56.7,2.06,73.4,0.0,941.8,200.0,1.14,0.907,0.21,SYNTHETIC,synthetic_demo_generator_v1
DEMO-HADAPSAR,Hadapsar,18.5089,73.926,MPCB,2022-01-25 21:00:00,21,1,1,2022,0,254.9,12.6,65.2,1.06,103.5,0.0,941.8,200.0,1.07,0.879,0.21,SYNTHETIC,synthetic_demo_generator_v1
DEMO-HADAPSAR,Hadapsar,18.5089,73.926,MPCB,2022-01-25 22:00:00,22,1,1,2022,0,170.2,10.6,51.5,2.17,74.8,0.0,942.6,200.0,1.0,0.3,0.21,SYNTHETIC,synthetic_demo_generator_v1
DEMO-HADAPSAR,Hadapsar,18.5089,73.926,MPCB,2022-01-25 23:00:00,23,1,1,2022,0,179.5,9.6,50.5,1.41,86.2,0.0,941.8,200.0,0.93,0.3,0.21,SYNTHETIC,synthetic_demo_generator_v1
DEMO-HADAPSAR,Hadapsar,18.5089,73.926,MPCB,2022-01-26 00:00:00,0,2,1,2022,0,214.5,9.9,62.1,0.67,89.8,0.0,940.6,200.0,0.895,0.3,0.21,SYNTHETIC,synthetic_demo_generator_v1
DEMO-HADAPSAR,Hadapsar,18.5089,73.926,MPCB,2022-01-26 01:00:00,1,2,1,2022,0,169.5,12.2,58.4,1.34,114.1,0.0,948.6,200.0,0.86,0.3,0.21,SYNTHETIC,synthetic_demo_generator_v1
DEMO-HADAPSAR,Hadapsar,18.5089,73.926,MPCB,2022-01-26 02:00:00,2,2,1,2022,0,120.9,10.0,47.1,2.09,66.4,0.0,941.8,200.0,0.846,0.3,0.21,SYNTHETIC,synthetic_demo_generator_v1
DEMO-HADAPSAR,Hadapsar,18.5089,73.926,MPCB,2022-01-26 03:00:00,3,2,1,2022,0,147.8,11.4,62.9,2.87,62.2,0.0,941.7,200.0,0.839,0.3,0.21,SYNTHETIC,synthetic_demo_generator_v1
DEMO-HADAPSAR,Hadapsar,18.5089,73.926,MPCB,2022-01-26 04:00:00,4,2,1,2022,0,146.9,12.2,61.6,2.28,63.8,0.0,942.8,200.0,0.86,0.3,0.21,SYNTHETIC,synthetic_demo_generator_v1
DEMO-HADAPSAR,Hadapsar,18.5089,73.926,MPCB,2022-01-26 05:00:00,5,2,1,2022,0,192.6,12.4,65.2,1.3,96.3,0.0,941.5,200.0,0.93,0.3,0.21,SYNTHETIC,synthetic_demo_generator_v1
DEMO-HADAPSAR,Hadapsar,18.5089,73.926,MPCB,2022-01-26 06:00:00,6,2,1,2022,0,232.9,17.0,56.0,0.63,68.5,0.0,945.3,200.0,1.0,0.85,0.21,SYNTHETIC,synthetic_demo_generator_v1
DEMO-HADAPSAR,Hadapsar,18.5089,73.926,MPCB,2022-01-26 07:00:00,7,2,1,2022,0,131.3,17.6,55.1,1.97,84.4,0.0,940.6,646.0,1.14,0.879,0.21,SYNTHETIC,synthetic_demo_generator_v1
DEMO-HADAPSAR,Hadapsar,18.5089,73.926,MPCB,2022-01-26 08:00:00,8,2,1,2022,0,101.3,18.5,57.0,1.85,78.3,0.0,946.2,790.0,1.21,0.907,0.56,SYNTHETIC,synthetic_demo_generator_v1
DEMO-HADAPSAR,Hadapsar,18.5089,73.926,MPCB,2022-01-26 09:00:00,9,2,1,2022,0,59.2,22.2,58.1,2.4,79.7,0.0,943.5,1308.0,1.105,0.933,0.56,SYNTHETIC,synthetic_demo_generator_v1
DEMO-HADAPSAR,Hadapsar,18.5089,73.926,MPCB,2022-01-26 11:00:00,11,2,1,2022,0,28.5,21.5,51.5,1.68,92.7,0.0,946.1,1840.0,0.93,0.975,0.56,SYNTHETIC,synthetic_demo_generator_v1
DEMO-HADAPSAR,Hadapsar,18.5089,73.926,MPCB,2022-01-26 13:00:00,13,2,1,2022,0,26.2,26.5,59.6,1.46,97.3,0.0,941.6,1654.0,0.86,0.997,0.56,SYNTHETIC,synthetic_demo_generator_v1
DEMO-HADAPSAR,Hadapsar,18.5089,73.926,MPCB,2022-01-26 14:00:00,14,2,1,2022,0,34.1,21.7,47.2,1.09,109.1,0.0,942.9,1424.0,0.846,1.0,0.56,SYNTHETIC,synthetic_demo_generator_v1
DEMO-HADAPSAR,Hadapsar,18.5089,73.926,MPCB,2022-01-26 15:00:00,15,2,1,2022,0,35.4,21.7,47.4,1.88,115.3,0.0,941.7,1339.0,0.874,0.997,0.56,SYNTHETIC,synthetic_demo_generator_v1
DEMO-HADAPSAR,Hadapsar,18.5089,73.926,MPCB,2022-01-26 16:00:00,16,2,1,2022,0,73.2,19.8,52.1,0.67,89.3,0.0,945.2,909.0,0.93,0.989,0.56,SYNTHETIC,synthetic_demo_generator_v1
DEMO-HADAPSAR,Hadapsar,18.5089,73.926,MPCB,2022-01-26 17:00:00,17,2,1,2022,0,95.3,18.5,59.3,1.86,111.5,0.0,939.0,707.0,1.0,0.975,0.56,SYNTHETIC,synthetic_demo_generator_v1
DEMO-HADAPSAR,Hadapsar,18.5089,73.926,MPCB,2022-01-26 18:00:00,18,2,1,2022,0,258.1,16.2,56.4,2.4,89.0,0.0,944.0,200.0,1.105,0.956,0.21,SYNTHETIC,synthetic_demo_generator_v1
DEMO-HADAPSAR,Hadapsar,18.5089,73.926,MPCB,2022-01-26 19:00:00,19,2,1,2022,0,227.8,15.3,58.4,1.47,77.2,0.0,945.1,200.0,1.175,0.933,0.21,SYNTHETIC,synthetic_demo_generator_v1
DEMO-HADAPSAR,Hadapsar,18.5089,73.926,MPCB,2022-01-26 20:00:00,20,2,1,2022,0,252.9,14.3,62.0,1.84,124.5,0.0,946.0,200.0,1.14,0.907,0.21,SYNTHETIC,synthetic_demo_generator_v1
DEMO-HADAPSAR,Hadapsar,18.5089,73.926,MPCB,2022-01-26 21:00:00,21,2,1,2022,0,182.4,10.8,53.3,4.34,141.5,0.0,939.4,200.0,1.07,0.879,0.21,SYNTHETIC,synthetic_demo_generator_v1
DEMO-HADAPSAR,Hadapsar,18.5089,73.926,MPCB,2022-01-26 22:00:00,22,2,1,2022,0,300.8,10.8,68.0,1.44,95.8,0.0,942.1,200.0,1.0,0.3,0.21,SYNTHETIC,synthetic_demo_generator_v1
DEMO-HADAPSAR,Hadapsar,18.5089,73.926,MPCB,2022-01-26 23:00:00,23,2,1,2022,0,198.5,8.9,53.2,0.44,77.5,0.0,942.3,200.0,0.93,0.3,0.21,SYNTHETIC,synthetic_demo_generator_v1
DEMO-HADAPSAR,Hadapsar,18.5089,73.926,MPCB,2022-01-27 01:00:00,1,3,1,2022,0,162.4,9.9,50.4,2.82,39.7,0.0,940.1,200.0,0.86,0.3,0.21,SYNTHETIC,synthetic_demo_generator_v1
DEMO-HADAPSAR,Hadapsar,18.5089,73.926,MPCB,2022-01-27 02:00:00,2,3,1,2022,0,150.8,11.1,48.9,1.74,33.4,0.0,942.1,200.0,0.846,0.3,0.21,SYNTHETIC,synthetic_demo_generator_v1
DEMO-HADAPSAR,Hadapsar,18.5089,73.926,MPCB,2022-01-27 03:00:00,3,3,1,2022,0,152.5,10.7,64.1,2.8,75.4,0.0,938.3,200.0,0.839,0.3,0.21,SYNTHETIC,synthetic_demo_generator_v1
DEMO-HADAPSAR,Hadapsar,18.5089,73.926,MPCB,2022-01-27 05:00:00,5,3,1,2022,0,212.9,13.8,50.1,3.13,55.8,0.0,944.8,200.0,0.93,0.3,0.21,SYNTHETIC,synthetic_demo_generator_v1
DEMO-HADAPSAR,Hadapsar,18.5089,73.926,MPCB,2022-01-27 06:00:00,6,3,1,2022,0,188.4,18.1,50.2,2.0,110.3,0.0,945.8,200.0,1.0,0.85,0.21,SYNTHETIC,synthetic_demo_generator_v1
DEMO-HADAPSAR,Hadapsar,18.5089,73.926,MPCB,2022-01-27 07:00:00,7,3,1,2022,0,112.2,18.2,43.3,0.76,180.8,0.0,946.7,667.0,1.14,0.879,0.21,SYNTHETIC,synthetic_demo_generator_v1
DEMO-HADAPSAR,Hadapsar,18.5089,73.926,MPCB,2022-01-27 08:00:00,8,3,1,2022,0,94.3,19.5,50.6,1.09,43.2,0.0,942.7,1022.0,1.21,0.907,0.56,SYNTHETIC,synthetic_demo_generator_v1
DEMO-HADAPSAR,Hadapsar,18.5089,73.926,MPCB,2022-01-27 09:00:00,9,3,1,2022,0,56.7,21.1,55.0,1.55,83.3,0.0,940.1,1346.0,1.105,0.933,0.56,SYNTHETIC,synthetic_demo_generator_v1
DEMO-HADAPSAR,Hadapsar,18.5089,73.926,MPCB,2022-01-27 10:00:00,10,3,1,2022,0,59.8,24.9,60.8,1.65,70.8,0.0,942.9,1445.0,1.0,0.956,0.56,SYNTHETIC,synthetic_demo_generator_v1
DEMO-HADAPSAR,Hadapsar,18.5089,73.926,MPCB,2022-01-27 11:00:00,11,3,1,2022,0,28.1,22.5,65.2,3.31,95.9,0.0,942.2,1971.0,0.93,0.975,0.56,SYNTHETIC,synthetic_demo_generator_v1
DEMO-HADAPSAR,Hadapsar,18.5089,73.926,MPCB,2022-01-27 12:00:00,12,3,1,2022,0,30.3,23.9,58.3,1.68,84.3,0.0,942.5,1752.0,0.895,0.989,0.56,SYNTHETIC,synthetic_demo_generator_v1
DEMO-HADAPSAR,Hadapsar,18.5089,73.926,MPCB,2022-01-27 13:00:00,13,3,1,2022,0,40.6,23.2,64.3,1.86,65.1,0.0,941.4,1284.0,0.86,0.997,0.56,SYNTHETIC,synthetic_demo_generator_v1
DEMO-HADAPSAR,Hadapsar,18.5089,73.926,MPCB,2022-01-27 14:00:00,14,3,1,2022,0,37.2,23.9,62.0,0.76,91.7,0.0,942.3,1546.0,0.846,1.0,0.56,SYNTHETIC,synthetic_demo_generator_v1
DEMO-HADAPSAR,Hadapsar,18.5089,73.926,MPCB,2022-01-27 15:00:00,15,3,1,2022,0,35.4,20.8,46.2,2.91,84.6,0.0,942.6,1377.0,0.874,0.997,0.56,SYNTHETIC,synthetic_demo_generator_v1
DEMO-HADAPSAR,Hadapsar,18.5089,73.926,MPCB,2022-01-27 16:00:00,16,3,1,2022,0,66.0,17.0,42.7,2.95,101.1,0.0,942.1,764.0,0.93,0.989,0.56,SYNTHETIC,synthetic_demo_generator_v1
DEMO-HADAPSAR,Hadapsar,18.5089,73.926,MPCB,2022-01-27 17:00:00,17,3,1,2022,0,125.1,19.7,63.7,1.51,83.8,0.0,942.5,548.0,1.0,0.975,0.56,SYNTHETIC,synthetic_demo_generator_v1
DEMO-HADAPSAR,Hadapsar,18.5089,73.926,MPCB,2022-01-27 18:00:00,18,3,1,2022,0,236.4,16.4,55.3,1.42,92.5,0.0,943.2,200.0,1.105,0.956,0.21,SYNTHETIC,synthetic_demo_generator_v1
DEMO-HADAPSAR,Hadapsar,18.5089,73.926,MPCB,2022-01-27 19:00:00,19,3,1,2022,0,208.7,12.6,48.5,1.8,157.8,0.0,947.5,200.0,1.175,0.933,0.21,SYNTHETIC,synthetic_demo_generator_v1
DEMO-HADAPSAR,Hadapsar,18.5089,73.926,MPCB,2022-01-27 21:00:00,21,3,1,2022,0,197.6,11.2,66.2,1.16,81.2,0.0,946.5,200.0,1.07,0.879,0.21,SYNTHETIC,synthetic_demo_generator_v1
DEMO-HADAPSAR,Hadapsar,18.5089,73.926,MPCB,2022-01-27 22:00:00,22,3,1,2022,0,236.1,11.5,65.9,2.43,76.2,0.0,940.1,200.0,1.0,0.3,0.21,SYNTHETIC,synthetic_demo_generator_v1
DEMO-HADAPSAR,Hadapsar,18.5089,73.926,MPCB,2022-01-27 23:00:00,23,3,1,2022,0,186.4,11.1,65.3,2.82,27.1,0.0,940.9,200.0,0.93,0.3,0.21,SYNTHETIC,synthetic_demo_generator_v1
DEMO-HADAPSAR,Hadapsar,18.5089,73.926,MPCB,2022-01-28 00:00:00,0,4,1,2022,0,174.9,11.6,52.0,0.84,104.3,0.0,943.3,200.0,0.895,0.3,0.21,SYNTHETIC,synthetic_demo_generator_v1
DEMO-HADAPSAR,Hadapsar,18.5089,73.926,MPCB,2022-01-28 01:00:00,1,4,1,2022,0,209.8,10.3,61.4,2.53,123.0,0.0,941.8,200.0,0.86,0.3,0.21,SYNTHETIC,synthetic_demo_generator_v1
DEMO-HADAPSAR,Hadapsar,18.5089,73.926,MPCB,2022-01-28 02:00:00,2,4,1,2022,0,136.0,13.9,46.9,2.09,100.8,0.0,942.2,200.0,0.846,0.3,0.21,SYNTHETIC,synthetic_demo_generator_v1
DEMO-HADAPSAR,Hadapsar,18.5089,73.926,MPCB,2022-01-28 03:00:00,3,4,1,2022,0,157.6,10.2,41.7,1.39,107.6,0.0,940.6,200.0,0.839,0.3,0.21,SYNTHETIC,synthetic_demo_generator_v1
DEMO-HADAPSAR,Hadapsar,18.5089,73.926,MPCB,2022-01-28 04:00:00,4,4,1,2022,0,193.4,15.1,51.7,1.92,80.8,0.0,939.2,221.0,0.86,0.3,0.21,SYNTHETIC,synthetic_demo_generator_v1
DEMO-HADAPSAR,Hadapsar,18.5089,73.926,MPCB,2022-01-28 05:00:00,5,4,1,2022,0,225.8,12.9,67.5,0.88,79.6,0.0,939.7,200.0,0.93,0.3,0.21,SYNTHETIC,synthetic_demo_generator_v1
DEMO-HADAPSAR,Hadapsar,18.5089,73.926,MPCB,2022-01-28 06:00:00,6,4,1,2022,0,228.9,19.0,59.2,1.09,74.1,0.0,941.6,200.0,1.0,0.85,0.21,SYNTHETIC,synthetic_demo_generator_v1
DEMO-HADAPSAR,Hadapsar,18.5089,73.926,MPCB,2022-01-28 07:00:00,7,4,1,2022,0,250.0,18.4,50.8,0.0,122.1,0.0,945.0,384.0,1.14,0.879,0.21,SYNTHETIC,synthetic_demo_generator_v1
DEMO-HADAPSAR,Hadapsar,18.5089,73.926,MPCB,2022-01-28 08:00:00,8,4,1,2022,0,113.7,23.3,53.7,1.51,31.4,0.0,945.2,817.0,1.21,0.907,0.56,SYNTHETIC,synthetic_demo_generator_v1
DEMO-HADAPSAR,Hadapsar,18.5089,73.926,MPCB,2022-01-28 09:00:00,9,4,1,2022,0,70.3,19.1,56.4,1.92,51.1,0.0,942.2,1226.0,1.105,0.933,0.56,SYNTHETIC,synthetic_demo_generator_v1
DEMO-HADAPSAR,Hadapsar,18.5089,73.926,MPCB,2022-01-28 10:00:00,10,4,1,2022,0,34.1,21.3,40.5,2.51,69.2,0.0,941.8,1526.0,1.0,0.956,0.56,SYNTHETIC,synthetic_demo_generator_v1
DEMO-HADAPSAR,Hadapsar,18.5089,73.926,MPCB,2022-01-28 11:00:00,11,4,1,2022,0,35.6,21.9,56.5,1.8,156.7,0.0,938.7,1763.0,0.93,0.975,0.56,SYNTHETIC,synthetic_demo_generator_v1
DEMO-HADAPSAR,Hadapsar,18.5089,73.926,MPCB,2022-01-28 12:00:00,12,4,1,2022,0,34.4,23.0,76.0,2.16,24.2,0.0,944.0,1692.0,0.895,0.989,0.56,SYNTHETIC,synthetic_demo_generator_v1
DEMO-HADAPSAR,Hadapsar,18.5089,73.926,MPCB,2022-01-28 13:00:00,13,4,1,2022,0,28.6,22.3,40.8,0.68,102.8,0.0,942.4,1700.0,0.86,0.997,0.56,SYNTHETIC,synthetic_demo_generator_v1
DEMO-HADAPSAR,Hadapsar,18.5089,73.926,MPCB,2022-01-28 14:00:00,14,4,1,2022,0,27.7,23.1,44.5,2.99,116.2,0.0,945.0,1763.0,0.846,1.0,0.56,SYNTHETIC,synthetic_demo_generator_v1
DEMO-HADAPSAR,Hadapsar,18.5089,73.926,MPCB,2022-01-28 15:00:00,15,4,1,2022,0,41.4,22.6,55.2,2.92,157.3,0.0,945.3,1304.0,0.874,0.997,0.56,SYNTHETIC,synthetic_demo_generator_v1
DEMO-HADAPSAR,Hadapsar,18.5089,73.926,MPCB,2022-01-28 16:00:00,16,4,1,2022,0,59.2,22.9,56.9,1.97,111.1,0.0,941.6,920.0,0.93,0.989,0.56,SYNTHETIC,synthetic_demo_generator_v1
DEMO-HADAPSAR,Hadapsar,18.5089,73.926,MPCB,2022-01-28 17:00:00,17,4,1,2022,0,190.2,19.7,57.6,1.15,128.8,0.0,945.4,331.0,1.0,0.975,0.56,SYNTHETIC,synthetic_demo_generator_v1
DEMO-HADAPSAR,Hadapsar,18.5089,73.926,MPCB,2022-01-28 18:00:00,18,4,1,2022,0,278.8,17.3,56.3,1.89,140.5,0.0,941.2,200.0,1.105,0.956,0.21,SYNTHETIC,synthetic_demo_generator_v1
DEMO-HADAPSAR,Hadapsar,18.5089,73.926,MPCB,2022-01-28 19:00:00,19,4,1,2022,0,341.1,17.6,51.4,0.11,87.6,0.0,947.3,200.0,1.175,0.933,0.21,SYNTHETIC,synthetic_demo_generator_v1
DEMO-HADAPSAR,Hadapsar,18.5089,73.926,MPCB,2022-01-28 20:00:00,20,4,1,2022,0,229.6,13.9,54.5,2.29,77.7,0.0,941.5,200.0,1.14,0.907,0.21,SYNTHETIC,synthetic_demo_generator_v1
DEMO-HADAPSAR,Hadapsar,18.5089,73.926,MPCB,2022-01-28 21:00:00,21,4,1,2022,0,285.9,13.6,57.4,2.03,94.4,0.0,947.6,200.0,1.07,0.879,0.21,SYNTHETIC,synthetic_demo_generator_v1
DEMO-HADAPSAR,Hadapsar,18.5089,73.926,MPCB,2022-01-28 22:00:00,22,4,1,2022,0,194.0,8.1,43.2,1.53,124.0,0.0,941.1,200.0,1.0,0.3,0.21,SYNTHETIC,synthetic_demo_generator_v1
DEMO-HADAPSAR,Hadapsar,18.5089,73.926,MPCB,2022-01-28 23:00:00,23,4,1,2022,0,221.6,10.0,62.5,2.76,137.0,0.0,943.5,200.0,0.93,0.3,0.21,SYNTHETIC,synthetic_demo_generator_v1
DEMO-HADAPSAR,Hadapsar,18.5089,73.926,MPCB,2022-01-29 00:00:00,0,5,1,2022,1,157.5,11.3,54.7,0.64,83.0,0.0,943.0,200.0,0.835,0.4,0.21,SYNTHETIC,synthetic_demo_generator_v1
DEMO-HADAPSAR,Hadapsar,18.5089,73.926,MPCB,2022-01-29 01:00:00,1,5,1,2022,1,149.4,9.5,52.1,1.36,84.6,0.0,945.8,200.0,0.804,0.4,0.21,SYNTHETIC,synthetic_demo_generator_v1
DEMO-HADAPSAR,Hadapsar,18.5089,73.926,MPCB,2022-01-29 02:00:00,2,5,1,2022,1,195.8,12.6,69.8,2.07,120.6,0.0,944.0,200.0,0.791,0.4,0.21,SYNTHETIC,synthetic_demo_generator_v1
DEMO-HADAPSAR,Hadapsar,18.5089,73.926,MPCB,2022-01-29 03:00:00,3,5,1,2022,1,158.0,13.8,60.9,0.65,103.8,0.0,942.6,200.0,0.785,0.4,0.21,SYNTHETIC,synthetic_demo_generator_v1
DEMO-HADAPSAR,Hadapsar,18.5089,73.926,MPCB,2022-01-29 05:00:00,5,5,1,2022,1,134.4,14.4,56.7,3.01,82.8,0.0,942.9,200.0,0.867,0.4,0.21,SYNTHETIC,synthetic_demo_generator_v1
DEMO-HADAPSAR,Hadapsar,18.5089,73.926,MPCB,2022-01-29 06:00:00,6,5,1,2022,1,231.4,18.0,56.5,1.9,145.6,0.0,941.9,200.0,0.93,0.4,0.21,SYNTHETIC,synthetic_demo_generator_v1
DEMO-HADAPSAR,Hadapsar,18.5089,73.926,MPCB,2022-01-29 07:00:00,7,5,1,2022,1,161.5,19.5,56.7,1.97,108.3,0.0,943.7,568.0,1.056,0.4,0.21,SYNTHETIC,synthetic_demo_generator_v1
DEMO-HADAPSAR,Hadapsar,18.5089,73.926,MPCB,2022-01-29 08:00:00,8,5,1,2022,1,88.4,21.5,49.4,3.51,97.6,0.0,941.0,860.0,1.119,0.4,0.56,SYNTHETIC,synthetic_demo_generator_v1
DEMO-HADAPSAR,Hadapsar,18.5089,73.926,MPCB,2022-01-29 09:00:00,9,5,1,2022,1,67.7,26.6,40.9,0.24,89.8,0.0,944.3,1261.0,1.024,0.4,0.56,SYNTHETIC,synthetic_demo_generator_v1
DEMO-HADAPSAR,Hadapsar,18.5089,73.926,MPCB,2022-01-29 10:00:00,10,5,1,2022,1,42.3,21.8,65.7,3.54,71.2,0.0,946.7,1202.0,0.93,0.4,0.56,SYNTHETIC,synthetic_demo_generator_v1
DEMO-HADAPSAR,Hadapsar,18.5089,73.926,MPCB,2022-01-29 11:00:00,11,5,1,2022,1,32.3,26.1,56.5,0.33,50.7,0.0,940.5,1879.0,0.867,0.4,0.56,SYNTHETIC,synthetic_demo_generator_v1
DEMO-HADAPSAR,Hadapsar,18.5089,73.926,MPCB,2022-01-29 12:00:00,12,5,1,2022,1,25.1,24.9,54.1,2.71,92.0,0.0,940.1,1923.0,0.835,0.4,0.56,SYNTHETIC,synthetic_demo_generator_v1
DEMO-HADAPSAR,Hadapsar,18.5089,73.926,MPCB,2022-01-29 14:00:00,14,5,1,2022,1,39.2,24.9,60.8,0.64,49.9,0.0,943.4,1554.0,0.791,0.4,0.56,SYNTHETIC,synthetic_demo_generator_v1
DEMO-HADAPSAR,Hadapsar,18.5089,73.926,MPCB,2022-01-29 15:00:00,15,5,1,2022,1,51.2,22.5,66.3,1.95,105.3,0.0,943.8,1179.0,0.817,0.4,0.56,SYNTHETIC,synthetic_demo_generator_v1
DEMO-HADAPSAR,Hadapsar,18.5089,73.926,MPCB,2022-01-29 16:00:00,16,5,1,2022,1,76.7,18.8,46.0,0.96,86.8,0.0,942.2,685.0,0.867,0.4,0.56,SYNTHETIC,synthetic_demo_generator_v1
DEMO-HADAPSAR,Hadapsar,18.5089,73.926,MPCB,2022-01-29 17:00:00,17,5,1,2022,1,227.3,19.6,69.6,2.54,102.7,0.0,942.2,310.0,0.93,0.4,0.56,SYNTHETIC,synthetic_demo_generator_v1
DEMO-HADAPSAR,Hadapsar,18.5089,73.926,MPCB,2022-01-29 18:00:00,18,5,1,2022,1,193.1,17.4,43.7,3.89,52.4,0.0,942.4,200.0,1.024,0.4,0.21,SYNTHETIC,synthetic_demo_generator_v1
DEMO-HADAPSAR,Hadapsar,18.5089,73.926,MPCB,2022-01-29 19:00:00,19,5,1,2022,1,235.9,15.5,54.9,2.2,70.3,0.0,944.9,200.0,1.087,0.4,0.21,SYNTHETIC,synthetic_demo_generator_v1
DEMO-HADAPSAR,Hadapsar,18.5089,73.926,MPCB,2022-01-29 20:00:00,20,5,1,2022,1,189.2,15.0,49.6,3.98,112.9,0.0,940.2,200.0,1.056,0.4,0.21,SYNTHETIC,synthetic_demo_generator_v1
DEMO-HADAPSAR,Hadapsar,18.5089,73.926,MPCB,2022-01-29 21:00:00,21,5,1,2022,1,217.8,12.6,52.9,1.44,30.3,0.0,943.9,200.0,0.993,0.4,0.21,SYNTHETIC,synthetic_demo_generator_v1
DEMO-HADAPSAR,Hadapsar,18.5089,73.926,MPCB,2022-01-29 22:00:00,22,5,1,2022,1,239.2,11.4,52.0,0.64,21.9,0.0,948.2,200.0,0.93,0.4,0.21,SYNTHETIC,synthetic_demo_generator_v1
DEMO-HADAPSAR,Hadapsar,18.5089,73.926,MPCB,2022-01-29 23:00:00,23,5,1,2022,1,185.4,9.8,56.1,1.67,126.1,0.0,947.7,200.0,0.867,0.4,0.21,SYNTHETIC,synthetic_demo_generator_v1
DEMO-HADAPSAR,Hadapsar,18.5089,73.926,MPCB,2022-01-30 00:00:00,0,6,1,2022,1,172.4,12.1,58.2,1.73,74.4,0.0,946.7,200.0,0.835,0.4,0.21,SYNTHETIC,synthetic_demo_generator_v1
DEMO-HADAPSAR,Hadapsar,18.5089,73.926,MPCB,2022-01-30 01:00:00,1,6,1,2022,1,157.9,9.7,49.6,2.43,107.6,0.0,941.7,200.0,0.804,0.4,0.21,SYNTHETIC,synthetic_demo_generator_v1
DEMO-HADAPSAR,Hadapsar,18.5089,73.926,MPCB,2022-01-30 02:00:00,2,6,1,2022,1,177.5,11.2,40.5,0.0,60.7,0.0,943.7,200.0,0.791,0.4,0.21,SYNTHETIC,synthetic_demo_generator_v1
DEMO-HADAPSAR,Hadapsar,18.5089,73.926,MPCB,2022-01-30 03:00:00,3,6,1,2022,1,165.8,11.5,64.9,1.16,133.0,0.0,944.2,200.0,0.785,0.4,0.21,SYNTHETIC,synthetic_demo_generator_v1
DEMO-HADAPSAR,Hadapsar,18.5089,73.926,MPCB,2022-01-30 04:00:00,4,6,1,2022,1,148.3,12.4,53.2,1.73,127.7,0.0,945.5,200.0,0.804,0.4,0.21,SYNTHETIC,synthetic_demo_generator_v1
DEMO-HADAPSAR,Hadapsar,18.5089,73.926,MPCB,2022-01-30 05:00:00,5,6,1,2022,1,213.4,13.2,53.1,1.85,95.5,0.0,940.3,200.0,0.867,0.4,0.21,SYNTHETIC,synthetic_demo_generator_v1
DEMO-HADAPSAR,Hadapsar,18.5089,73.926,MPCB,2022-01-30 06:00:00,6,6,1,2022,1,188.8,18.6,51.5,1.71,64.9,0.0,945.0,200.0,0.93,0.4,0.21,SYNTHETIC,synthetic_demo_generator_v1
DEMO-HADAPSAR,Hadapsar,18.5089,73.926,MPCB,2022-01-30 07:00:00,7,6,1,2022,1,123.7,16.1,69.4,3.17,66.0,0.0,940.2,500.0,1.056,0.4,0.21,SYNTHETIC,synthetic_demo_generator_v1
DEMO-HADAPSAR,Hadapsar,18.5089,73.926,MPCB,2022-01-30 08:00:00,8,6,1,2022,1,109.9,22.1,52.8,0.86,19.4,0.0,950.2,979.0,1.119,0.4,0.56,SYNTHETIC,synthetic_demo_generator_v1
DEMO-HADAPSAR,Hadapsar,18.5089,73.926,MPCB,2022-01-30 09:00:00,9,6,1,2022,1,59.7,20.0,58.2,2.97,94.2,0.0,941.0,1193.0,1.024,0.4,0.56,SYNTHETIC,synthetic_demo_generator_v1
DEMO-HADAPSAR,Hadapsar,18.5089,73.926,MPCB,2022-01-30 10:00:00,10,6,1,2022,1,33.1,23.6,53.4,1.81,138.5,0.0,942.7,1758.0,0.93,0.4,0.56,SYNTHETIC,synthetic_demo_generator_v1
DEMO-HADAPSAR,Hadapsar,18.5089,73.926,MPCB,2022-01-30 11:00:00,11,6,1,2022,1,29.5,24.8,54.4,2.48,28.6,0.0,941.5,1782.0,0.867,0.4,0.56,SYNTHETIC,synthetic_demo_generator_v1
DEMO-HADAPSAR,Hadapsar,18.5089,73.926,MPCB,2022-01-30 12:00:00,12,6,1,2022,1,25.9,25.2,51.0,1.14,124.5,0.0,944.0,1951.0,0.835,0.4,0.56,SYNTHETIC,synthetic_demo_generator_v1
DEMO-HADAPSAR,Hadapsar,18.5089,73.926,MPCB,2022-01-30 13:00:00,13,6,1,2022,1,20.2,22.5,58.7,3.75,108.6,0.0,936.0,2137.0,0.804,0.4,0.56,SYNTHETIC,synthetic_demo_generator_v1
DEMO-HADAPSAR,Hadapsar,18.5089,73.926,MPCB,2022-01-30 14:00:00,14,6,1,2022,1,29.5,24.0,46.5,1.26,94.1,0.0,940.6,1586.0,0.791,0.4,0.56,SYNTHETIC,synthetic_demo_generator_v1
DEMO-HADAPSAR,Hadapsar,18.5089,73.926,MPCB,2022-01-30 15:00:00,15,6,1,2022,1,33.4,23.2,56.0,1.2,123.8,0.0,943.4,1186.0,0.817,0.4,0.56,SYNTHETIC,synthetic_demo_generator_v1
DEMO-HADAPSAR,Hadapsar,18.5089,73.926,MPCB,2022-01-30 16:00:00,16,6,1,2022,1,68.7,20.3,66.3,1.37,85.9,0.0,942.9,1064.0,0.867,0.4,0.56,SYNTHETIC,synthetic_demo_generator_v1
DEMO-HADAPSAR,Hadapsar,18.5089,73.926,MPCB,2022-01-30 17:00:00,17,6,1,2022,1,190.7,19.0,49.6,1.94,144.3,0.0,942.8,309.0,0.93,0.4,0.56,SYNTHETIC,synthetic_demo_generator_v1
DEMO-HADAPSAR,Hadapsar,18.5089,73.926,MPCB,2022-01-30 18:00:00,18,6,1,2022,1,233.9,17.5,64.7,2.72,105.9,0.0,942.2,200.0,1.024,0.4,0.21,SYNTHETIC,synthetic_demo_generator_v1
DEMO-HADAPSAR,Hadapsar,18.5089,73.926,MPCB,2022-01-30 19:00:00,19,6,1,2022,1,222.2,15.7,38.4,3.27,119.2,0.0,941.9,200.0,1.087,0.4,0.21,SYNTHETIC,synthetic_demo_generator_v1
DEMO-HADAPSAR,Hadapsar,18.5089,73.926,MPCB,2022-01-30 20:00:00,20,6,1,2022,1,219.5,12.4,50.4,1.51,68.2,0.0,945.6,200.0,1.056,0.4,0.21,SYNTHETIC,synthetic_demo_generator_v1
DEMO-HADAPSAR,Hadapsar,18.5089,73.926,MPCB,2022-01-30 21:00:00,21,6,1,2022,1,166.0,13.4,67.7,3.06,159.7,0.0,946.0,200.0,0.993,0.4,0.21,SYNTHETIC,synthetic_demo_generator_v1
DEMO-HADAPSAR,Hadapsar,18.5089,73.926,MPCB,2022-01-30 22:00:00,22,6,1,2022,1,187.9,10.4,57.7,2.08,95.9,0.0,948.6,200.0,0.93,0.4,0.21,SYNTHETIC,synthetic_demo_generator_v1
DEMO-HADAPSAR,Hadapsar,18.5089,73.926,MPCB,2022-01-30 23:00:00,23,6,1,2022,1,152.7,11.6,66.1,2.32,102.7,0.0,939.8,200.0,0.867,0.4,0.21,SYNTHETIC,synthetic_demo_generator_v1
DEMO-HADAPSAR,Hadapsar,18.5089,73.926,MPCB,2022-01-31 00:00:00,0,0,1,2022,0,187.5,12.9,61.7,2.1,49.2,0.0,943.6,200.0,0.895,0.3,0.21,SYNTHETIC,synthetic_demo_generator_v1
DEMO-HADAPSAR,Hadapsar,18.5089,73.926,MPCB,2022-01-31 01:00:00,1,0,1,2022,0,161.3,11.8,46.3,1.24,108.0,0.0,941.9,200.0,0.86,0.3,0.21,SYNTHETIC,synthetic_demo_generator_v1
DEMO-HADAPSAR,Hadapsar,18.5089,73.926,MPCB,2022-01-31 02:00:00,2,0,1,2022,0,152.0,11.6,57.7,2.35,107.1,0.0,943.7,200.0,0.846,0.3,0.21,SYNTHETIC,synthetic_demo_generator_v1
DEMO-HADAPSAR,Hadapsar,18.5089,73.926,MPCB,2022-01-31 03:00:00,3,0,1,2022,0,197.3,11.8,48.8,1.84,86.4,0.0,947.6,200.0,0.839,0.3,0.21,SYNTHETIC,synthetic_demo_generator_v1
DEMO-HADAPSAR,Hadapsar,18.5089,73.926,MPCB,2022-01-31 04:00:00,4,0,1,2022,0,225.3,15.8,54.4,0.66,101.5,0.0,943.4,200.0,0.86,0.3,0.21,SYNTHETIC,synthetic_demo_generator_v1
DEMO-HADAPSAR,Hadapsar,18.5089,73.926,MPCB,2022-01-31 06:00:00,6,0,1,2022,0,281.7,18.3,55.0,0.6,130.5,0.0,943.0,200.0,1.0,0.85,0.21,SYNTHETIC,synthetic_demo_generator_v1
DEMO-HADAPSAR,Hadapsar,18.5089,73.926,MPCB,2022-01-31 07:00:00,7,0,1,2022,0,204.3,22.4,68.2,3.34,66.1,0.0,948.5,454.0,1.14,0.879,0.21,SYNTHETIC,synthetic_demo_generator_v1
DEMO-HADAPSAR,Hadapsar,18.5089,73.926,MPCB,2022-01-31 08:00:00,8,0,1,2022,0,87.4,19.7,47.7,0.99,76.7,0.0,943.3,1075.0,1.21,0.907,0.56,SYNTHETIC,synthetic_demo_generator_v1
DEMO-HADAPSAR,Hadapsar,18.5089,73.926,MPCB,2022-01-31 09:00:00,9,0,1,2022,0,60.3,21.4,63.8,2.2,118.8,0.0,944.3,1181.0,1.105,0.933,0.56,SYNTHETIC,synthetic_demo_generator_v1
DEMO-HADAPSAR,Hadapsar,18.5089,73.926,MPCB,2022-01-31 11:00:00,11,0,1,2022,0,40.0,24.8,50.7,2.33,127.7,0.0,945.8,1654.0,0.93,0.975,0.56,SYNTHETIC,synthetic_demo_generator_v1
DEMO-HADAPSAR,Hadapsar,18.5089,73.926,MPCB,2022-01-31 12:00:00,12,0,1,2022,0,34.5,26.1,51.7,1.68,62.4,0.0,940.7,1800.0,0.895,0.989,0.56,SYNTHETIC,synthetic_demo_generator_v1
DEMO-HADAPSAR,Hadapsar,18.5089,73.926,MPCB,2022-01-31 13:00:00,13,0,1,2022,0,23.8,23.4,63.0,2.26,85.3,0.0,942.5,1722.0,0.86,0.997,0.56,SYNTHETIC,synthetic_demo_generator_v1
DEMO-HADAPSAR,Hadapsar,18.5089,73.926,MPCB,2022-01-31 14:00:00,14,0,1,2022,0,29.8,22.3,60.8,1.25,88.4,0.0,942.1,1682.0,0.846,1.0,0.56,SYNTHETIC,synthetic_demo_generator_v1
DEMO-HADAPSAR,Hadapsar,18.5089,73.926,MPCB,2022-01-31 15:00:00,15,0,1,2022,0,41.7,20.4,55.1,2.75,55.5,0.0,945.8,1259.0,0.874,0.997,0.56,SYNTHETIC,synthetic_demo_generator_v1
DEMO-HADAPSAR,Hadapsar,18.5089,73.926,MPCB,2022-01-31 16:00:00,16,0,1,2022,0,45.2,22.5,68.6,1.81,100.7,0.0,946.0,1193.0,0.93,0.989,0.56,SYNTHETIC,synthetic_demo_generator_v1
DEMO-HADAPSAR,Hadapsar,18.5089,73.926,MPCB,2022-01-31 17:00:00,17,0,1,2022,0,213.7,14.9,42.2,1.18,70.3,0.0,943.5,304.0,1.0,0.975,0.56,SYNTHETIC,synthetic_demo_generator_v1
DEMO-HADAPSAR,Hadapsar,18.5089,73.926,MPCB,2022-01-31 18:00:00,18,0,1,2022,0,235.0,15.2,54.5,3.39,64.4,0.0,942.7,200.0,1.105,0.956,0.21,SYNTHETIC,synthetic_demo_generator_v1
DEMO-HADAPSAR,Hadapsar,18.5089,73.926,MPCB,2022-01-31 19:00:00,19,0,1,2022,0,209.7,15.7,55.4,2.9,80.1,0.0,941.5,200.0,1.175,0.933,0.21,SYNTHETIC,synthetic_demo_generator_v1
DEMO-HADAPSAR,Hadapsar,18.5089,73.926,MPCB,2022-01-31 20:00:00,20,0,1,2022,0,309.9,14.6,58.5,2.33,98.3,0.0,944.0,200.0,1.14,0.907,0.21,SYNTHETIC,synthetic_demo_generator_v1
DEMO-HADAPSAR,Hadapsar,18.5089,73.926,MPCB,2022-01-31 21:00:00,21,0,1,2022,0,238.9,11.7,60.3,1.95,72.1,0.0,940.3,200.0,1.07,0.879,0.21,SYNTHETIC,synthetic_demo_generator_v1
DEMO-HADAPSAR,Hadapsar,18.5089,73.926,MPCB,2022-01-31 22:00:00,22,0,1,2022,0,193.2,11.5,63.8,1.54,95.8,0.0,943.4,200.0,1.0,0.3,0.21,SYNTHETIC,synthetic_demo_generator_v1
DEMO-HADAPSAR,Hadapsar,18.5089,73.926,MPCB,2022-01-31 23:00:00,23,0,1,2022,0,171.9,12.0,63.4,1.78,77.2,0.0,947.4,200.0,0.93,0.3,0.21,SYNTHETIC,synthetic_demo_generator_v1
DEMO-HADAPSAR,Hadapsar,18.5089,73.926,MPCB,2022-02-01 00:00:00,0,1,2,2022,0,240.1,12.6,49.9,2.14,67.1,0.0,943.2,200.0,0.895,0.3,0.21,SYNTHETIC,synthetic_demo_generator_v1
DEMO-HADAPSAR,Hadapsar,18.5089,73.926,MPCB,2022-02-01 01:00:00,1,1,2,2022,0,175.9,12.2,51.9,3.06,126.3,0.0,936.7,200.0,0.86,0.3,0.21,SYNTHETIC,synthetic_demo_generator_v1
DEMO-HADAPSAR,Hadapsar,18.5089,73.926,MPCB,2022-02-01 02:00:00,2,1,2,2022,0,186.2,12.3,48.3,2.15,109.6,0.0,945.7,200.0,0.846,0.3,0.21,SYNTHETIC,synthetic_demo_generator_v1
DEMO-HADAPSAR,Hadapsar,18.5089,73.926,MPCB,2022-02-01 03:00:00,3,1,2,2022,0,133.4,13.1,50.9,2.79,94.3,0.0,943.9,200.0,0.839,0.3,0.21,SYNTHETIC,synthetic_demo_generator_v1
DEMO-HADAPSAR,Hadapsar,18.5089,73.926,MPCB,2022-02-01 04:00:00,4,1,2,2022,0,197.3,14.0,31.1,3.04,149.4,0.0,939.0,200.0,0.86,0.3,0.21,SYNTHETIC,synthetic_demo_generator_v1
DEMO-HADAPSAR,Hadapsar,18.5089,73.926,MPCB,2022-02-01 05:00:00,5,1,2,2022,0,230.3,19.6,55.9,2.31,50.8,0.0,942.9,200.0,0.93,0.3,0.21,SYNTHETIC,synthetic_demo_generator_v1
DEMO-HADAPSAR,Hadapsar,18.5089,73.926,MPCB,2022-02-01 06:00:00,6,1,2,2022,0,170.8,20.5,45.0,1.45,102.8,0.0,943.2,200.0,1.0,0.85,0.21,SYNTHETIC,synthetic_demo_generator_v1
DEMO-HADAPSAR,Hadapsar,18.5089,73.926,MPCB,2022-02-01 07:00:00,7,1,2,2022,0,253.0,21.3,38.1,2.71,141.9,0.0,943.4,248.0,1.14,0.879,0.21,SYNTHETIC,synthetic_demo_generator_v1
DEMO-HADAPSAR,Hadapsar,18.5089,73.926,MPCB,2022-02-01 08:00:00,8,1,2,2022,0,62.9,23.3,52.1,3.65,68.1,0.0,943.6,937.0,1.21,0.907,0.56,SYNTHETIC,synthetic_demo_generator_v1
DEMO-HADAPSAR,Hadapsar,18.5089,73.926,MPCB,2022-02-01 09:00:00,9,1,2,2022,0,44.5,24.6,56.3,2.16,54.9,0.0,942.8,1555.0,1.105,0.933,0.56,SYNTHETIC,synthetic_demo_generator_v1
DEMO-HADAPSAR,Hadapsar,18.5089,73.926,MPCB,2022-02-01 10:00:00,10,1,2,2022,0,42.1,22.4,54.7,2.35,78.4,0.0,942.7,1590.0,1.0,0.956,0.56,SYNTHETIC,synthetic_demo_generator_v1
DEMO-HADAPSAR,Hadapsar,18.5089,73.926,MPCB,2022-02-01 11:00:00,11,1,2,2022,0,42.3,24.0,44.2,1.96,132.8,0.0,943.9,1631.0,0.93,0.975,0.56,SYNTHETIC,synthetic_demo_generator_v1
DEMO-HADAPSAR,Hadapsar,18.5089,73.926,MPCB,2022-02-01 12:00:00,12,1,2,2022,0,27.2,24.2,45.1,3.48,98.2,0.0,944.4,1592.0,0.895,0.989,0.56,SYNTHETIC,synthetic_demo_generator_v1
DEMO-HADAPSAR,Hadapsar,18.5089,73.926,MPCB,2022-02-01 13:00:00,13,1,2,2022,0,33.7,29.7,49.0,2.38,81.2,0.0,941.6,1625.0,0.86,0.997,0.56,SYNTHETIC,synthetic_demo_generator_v1
DEMO-HADAPSAR,Hadapsar,18.5089,73.926,MPCB,2022-02-01 14:00:00,14,1,2,2022,0,31.3,23.7,51.6,3.1,85.0,0.0,941.8,1799.0,0.846,1.0,0.56,SYNTHETIC,synthetic_demo_generator_v1
DEMO-HADAPSAR,Hadapsar,18.5089,73.926,MPCB,2022-02-01 15:00:00,15,1,2,2022,0,47.8,25.5,53.2,3.23,108.9,0.0,947.9,1192.0,0.874,0.997,0.56,SYNTHETIC,synthetic_demo_generator_v1
DEMO-HADAPSAR,Hadapsar,18.5089,73.926,MPCB,2022-02-01 16:00:00,16,1,2,2022,0,65.8,21.4,40.4,2.64,114.0,0.0,941.0,751.0,0.93,0.989,0.56,SYNTHETIC,synthetic_demo_generator_v1
DEMO-HADAPSAR,Hadapsar,18.5089,73.926,MPCB,2022-02-01 17:00:00,17,1,2,2022,0,81.0,23.1,34.5,3.7,72.8,0.0,943.9,705.0,1.0,0.975,0.56,SYNTHETIC,synthetic_demo_generator_v1
DEMO-HADAPSAR,Hadapsar,18.5089,73.926,MPCB,2022-02-01 18:00:00,18,1,2,2022,0,175.4,17.5,34.7,2.7,140.6,0.0,942.7,200.0,1.105,0.956,0.21,SYNTHETIC,synthetic_demo_generator_v1
DEMO-HADAPSAR,Hadapsar,18.5089,73.926,MPCB,2022-02-01 19:00:00,19,1,2,2022,0,282.5,16.8,59.1,2.82,96.6,0.0,940.5,200.0,1.175,0.933,0.21,SYNTHETIC,synthetic_demo_generator_v1
DEMO-HADAPSAR,Hadapsar,18.5089,73.926,MPCB,2022-02-01 20:00:00,20,1,2,2022,0,277.6,14.7,42.2,2.76,56.7,0.0,942.3,200.0,1.14,0.907,0.21,SYNTHETIC,synthetic_demo_generator_v1
DEMO-HADAPSAR,Hadapsar,18.5089,73.926,MPCB,2022-02-01 21:00:00,21,1,2,2022,0,204.2,13.7,42.3,2.91,69.0,0.0,946.0,200.0,1.07,0.879,0.21,SYNTHETIC,synthetic_demo_generator_v1
DEMO-HADAPSAR,Hadapsar,18.5089,73.926,MPCB,2022-02-01 22:00:00,22,1,2,2022,0,198.1,13.3,43.5,2.88,101.7,0.0,946.3,200.0,1.0,0.3,0.21,SYNTHETIC,synthetic_demo_generator_v1
DEMO-HADAPSAR,Hadapsar,18.5089,73.926,MPCB,2022-02-01 23:00:00,23,1,2,2022,0,187.7,9.9,40.0,2.48,75.1,0.0,944.6,200.0,0.93,0.3,0.21,SYNTHETIC,synthetic_demo_generator_v1
DEMO-HADAPSAR,Hadapsar,18.5089,73.926,MPCB,2022-02-02 00:00:00,0,2,2,2022,0,146.3,12.9,43.7,3.15,76.7,0.0,942.0,281.0,0.895,0.3,0.21,SYNTHETIC,synthetic_demo_generator_v1
DEMO-HADAPSAR,Hadapsar,18.5089,73.926,MPCB,2022-02-02 01:00:00,1,2,2,2022,0,139.4,12.3,35.8,1.56,86.7,0.0,945.6,200.0,0.86,0.3,0.21,SYNTHETIC,synthetic_demo_generator_v1
DEMO-HADAPSAR,Hadapsar,18.5089,73.926,MPCB,2022-02-02 03:00:00,3,2,2,2022,0,159.3,12.3,57.0,4.01,79.0,0.0,938.8,200.0,0.839,0.3,0.21,SYNTHETIC,synthetic_demo_generator_v1
DEMO-HADAPSAR,Hadapsar,18.5089,73.926,MPCB,2022-02-02 04:00:00,4,2,2,2022,0,223.0,13.4,52.3,2.19,118.6,0.0,943.3,200.0,0.86,0.3,0.21,SYNTHETIC,synthetic_demo_generator_v1
DEMO-HADAPSAR,Hadapsar,18.5089,73.926,MPCB,2022-02-02 05:00:00,5,2,2,2022,0,140.2,15.4,55.1,1.69,112.4,0.0,944.0,200.0,0.93,0.3,0.21,SYNTHETIC,synthetic_demo_generator_v1
DEMO-HADAPSAR,Hadapsar,18.5089,73.926,MPCB,2022-02-02 06:00:00,6,2,2,2022,0,164.0,22.0,46.0,1.93,81.0,0.0,943.2,200.0,1.0,0.85,0.21,SYNTHETIC,synthetic_demo_generator_v1
DEMO-HADAPSAR,Hadapsar,18.5089,73.926,MPCB,2022-02-02 07:00:00,7,2,2,2022,0,113.5,20.9,48.7,3.15,128.3,0.0,943.8,605.0,1.14,0.879,0.21,SYNTHETIC,synthetic_demo_generator_v1
DEMO-HADAPSAR,Hadapsar,18.5089,73.926,MPCB,2022-02-02 08:00:00,8,2,2,2022,0,111.1,21.1,52.0,2.42,77.0,0.0,942.5,790.0,1.21,0.907,0.56,SYNTHETIC,synthetic_demo_generator_v1
DEMO-HADAPSAR,Hadapsar,18.5089,73.926,MPCB,2022-02-02 09:00:00,9,2,2,2022,0,40.7,21.7,57.2,1.5,103.2,0.0,940.8,1442.0,1.105,0.933,0.56,SYNTHETIC,synthetic_demo_generator_v1
DEMO-HADAPSAR,Hadapsar,18.5089,73.926,MPCB,2022-02-02 10:00:00,10,2,2,2022,0,52.2,23.9,38.1,0.02,64.5,0.0,942.6,1464.0,1.0,0.956,0.56,SYNTHETIC,synthetic_demo_generator_v1
DEMO-HADAPSAR,Hadapsar,18.5089,73.926,MPCB,2022-02-02 11:00:00,11,2,2,2022,0,34.2,26.1,53.3,1.76,60.7,0.0,944.3,1619.0,0.93,0.975,0.56,SYNTHETIC,synthetic_demo_generator_v1
DEMO-HADAPSAR,Hadapsar,18.5089,73.926,MPCB,2022-02-02 12:00:00,12,2,2,2022,0,30.0,24.7,34.9,2.58,90.0,0.0,938.5,1803.0,0.895,0.989,0.56,SYNTHETIC,synthetic_demo_generator_v1
DEMO-HADAPSAR,Hadapsar,18.5089,73.926,MPCB,2022-02-02 13:00:00,13,2,2,2022,0,24.4,25.9,56.8,2.91,83.0,0.0,940.0,1954.0,0.86,0.997,0.56,SYNTHETIC,synthetic_demo_generator_v1
DEMO-HADAPSAR,Hadapsar,18.5089,73.926,MPCB,2022-02-02 15:00:00,15,2,2,2022,0,31.0,23.0,50.1,3.9,25.8,0.0,950.0,1303.0,0.874,0.997,0.56,SYNTHETIC,synthetic_demo_generator_v1
DEMO-HADAPSAR,Hadapsar,18.5089,73.926,MPCB,2022-02-02 16:00:00,16,2,2,2022,0,68.8,21.3,45.1,2.62,97.0,0.0,942.7,795.0,0.93,0.989,0.56,SYNTHETIC,synthetic_demo_generator_v1
DEMO-HADAPSAR,Hadapsar,18.5089,73.926,MPCB,2022-02-02 17:00:00,17,2,2,2022,0,180.7,22.1,44.1,3.03,48.7,0.0,940.1,200.0,1.0,0.975,0.56,SYNTHETIC,synthetic_demo_generator_v1
DEMO-HADAPSAR,Hadapsar,18.5089,73.926,MPCB,2022-02-02 18:00:00,18,2,2,2022,0,219.4,21.8,41.5,2.84,120.7,0.0,946.0,200.0,1.105,0.956,0.21,SYNTHETIC,synthetic_demo_generator_v1
DEMO-HADAPSAR,Hadapsar,18.5089,73.926,MPCB,2022-02-02 20:00:00,20,2,2,2022,0,221.6,14.8,52.1,2.26,87.1,0.0,943.9,200.0,1.14,0.907,0.21,SYNTHETIC,synthetic_demo_generator_v1
DEMO-HADAPSAR,Hadapsar,18.5089,73.926,MPCB,2022-02-02 21:00:00,21,2,2,2022,0,271.7,15.1,42.3,0.95,50.3,0.0,946.5,200.0,1.07,0.879,0.21,SYNTHETIC,synthetic_demo_generator_v1
DEMO-HADAPSAR,Hadapsar,18.5089,73.926,MPCB,2022-02-02 22:00:00,22,2,2,2022,0,266.8,13.0,41.2,3.27,98.7,0.0,941.6,200.0,1.0,0.3,0.21,SYNTHETIC,synthetic_demo_generator_v1
DEMO-HADAPSAR,Hadapsar,18.5089,73.926,MPCB,2022-02-02 23:00:00,23,2,2,2022,0,192.3,11.4,53.2,1.18,106.5,0.0,941.4,200.0,0.93,0.3,0.21,SYNTHETIC,synthetic_demo_generator_v1
DEMO-HADAPSAR,Hadapsar,18.5089,73.926,MPCB,2022-02-03 00:00:00,0,3,2,2022,0,169.1,10.9,32.2,3.19,97.8,0.0,943.4,200.0,0.895,0.3,0.21,SYNTHETIC,synthetic_demo_generator_v1
DEMO-HADAPSAR,Hadapsar,18.5089,73.926,MPCB,2022-02-03 01:00:00,1,3,2,2022,0,146.2,12.1,56.3,3.55,69.4,0.0,945.0,200.0,0.86,0.3,0.21,SYNTHETIC,synthetic_demo_generator_v1
DEMO-HADAPSAR,Hadapsar,18.5089,73.926,MPCB,2022-02-03 02:00:00,2,3,2,2022,0,155.5,14.5,46.5,1.75,91.7,0.0,947.0,200.0,0.846,0.3,0.21,SYNTHETIC,synthetic_demo_generator_v1
DEMO-HADAPSAR,Hadapsar,18.5089,73.926,MPCB,2022-02-03 03:00:00,3,3,2,2022,0,169.9,14.7,25.7,2.04,116.4,0.0,942.3,200.0,0.839,0.3,0.21,SYNTHETIC,synthetic_demo_generator_v1
DEMO-HADAPSAR,Hadapsar,18.5089,73.926,MPCB,2022-02-03 04:00:00,4,3,2,2022,0,132.5,16.4,43.8,2.15,146.9,0.0,937.2,200.0,0.86,0.3,0.21,SYNTHETIC,synthetic_demo_generator_v1
DEMO-HADAPSAR,Hadapsar,18.5089,73.926,MPCB,2022-02-03 05:00:00,5,3,2,2022,0,200.8,17.3,46.8,2.45,56.4,0.0,944.3,200.0,0.93,0.3,0.21,SYNTHETIC,synthetic_demo_generator_v1
DEMO-HADAPSAR,Hadapsar,18.5089,73.926,MPCB,2022-02-03 06:00:00,6,3,2,2022,0,204.5,18.8,42.8,3.66,85.3,0.0,944.5,200.0,1.0,0.85,0.21,SYNTHETIC,synthetic_demo_generator_v1
DEMO-HADAPSAR,Hadapsar,18.5089,73.926,MPCB,2022-02-03 07:00:00,7,3,2,2022,0,95.7,21.7,54.7,1.71,128.4,0.0,942.9,705.0,1.14,0.879,0.21,SYNTHETIC,synthetic_demo_generator_v1
DEMO-HADAPSAR,Hadapsar,18.5089,73.926,MPCB,2022-02-03 08:00:00,8,3,2,2022,0,99.4,21.8,48.4,1.46,73.8,0.0,941.9,910.0,1.21,0.907,0.56,SYNTHETIC,synthetic_demo_generator_v1
DEMO-HADAPSAR,Hadapsar,18.5089,73.926,MPCB,2022-02-03 09:00:00,9,3,2,2022,0,62.5,25.6,36.1,4.5,74.6,0.0,942.1,1091.0,1.105,0.933,0.56,SYNTHETIC,synthetic_demo_generator_v1
DEMO-HADAPSAR,Hadapsar,18.5089,73.926,MPCB,2022-02-03 10:00:00,10,3,2,2022,0,48.5,26.8,55.0,2.33,97.8,0.0,946.0,1303.0,1.0,0.956,0.56,SYNTHETIC,synthetic_demo_generator_v1
DEMO-HADAPSAR,Hadapsar,18.5089,73.926,MPCB,2022-02-03 11:00:00,11,3,2,2022,0,33.6,23.6,39.5,3.19,97.0,0.0,942.8,1583.0,0.93,0.975,0.56,SYNTHETIC,synthetic_demo_generator_v1
DEMO-HADAPSAR,Hadapsar,18.5089,73.926,MPCB,2022-02-03 12:00:00,12,3,2,2022,0,29.6,25.4,36.6,3.53,102.3,0.0,945.5,1736.0,0.895,0.989,0.56,SYNTHETIC,synthetic_demo_generator_v1
DEMO-HADAPSAR,Hadapsar,18.5089,73.926,MPCB,2022-02-03 13:00:00,13,3,2,2022,0,26.7,24.5,53.3,2.52,118.5,0.0,947.1,1817.0,0.86,0.997,0.56,SYNTHETIC,synthetic_demo_generator_v1
DEMO-HADAPSAR,Hadapsar,18.5089,73.926,MPCB,2022-02-03 14:00:00,14,3,2,2022,0,32.0,25.9,47.1,1.95,55.2,0.0,942.3,1726.0,0.846,1.0,0.56,SYNTHETIC,synthetic_demo_generator_v1
DEMO-HADAPSAR,Hadapsar,18.5089,73.926,MPCB,2022-02-03 15:00:00,15,3,2,2022,0,38.4,24.8,47.8,3.72,72.3,0.0,945.0,1297.0,0.874,0.997,0.56,SYNTHETIC,synthetic_demo_generator_v1
DEMO-HADAPSAR,Hadapsar,18.5089,73.926,MPCB,2022-02-03 16:00:00,16,3,2,2022,0,69.9,19.0,46.6,3.06,107.4,0.0,945.0,851.0,0.93,0.989,0.56,SYNTHETIC,synthetic_demo_generator_v1
DEMO-HADAPSAR,Hadapsar,18.5089,73.926,MPCB,2022-02-03 17:00:00,17,3,2,2022,0,116.1,20.5,38.1,1.77,69.4,0.0,948.6,579.0,1.0,0.975,0.56,SYNTHETIC,synthetic_demo_generator_v1
DEMO-HADAPSAR,Hadapsar,18.5089,73.926,MPCB,2022-02-03 18:00:00,18,3,2,2022,0,202.3,18.2,45.4,3.38,52.4,0.0,948.4,200.0,1.105,0.956,0.21,SYNTHETIC,synthetic_demo_generator_v1
DEMO-HADAPSAR,Hadapsar,18.5089,73.926,MPCB,2022-02-03 19:00:00,19,3,2,2022,0,246.2,18.4,45.0,2.81,84.9,0.0,938.6,200.0,1.175,0.933,0.21,SYNTHETIC,synthetic_demo_generator_v1
DEMO-HADAPSAR,Hadapsar,18.5089,73.926,MPCB,2022-02-03 20:00:00,20,3,2,2022,0,240.3,16.4,55.8,3.17,120.7,0.0,939.6,200.0,1.14,0.907,0.21,SYNTHETIC,synthetic_demo_generator_v1
DEMO-HADAPSAR,Hadapsar,18.5089,73.926,MPCB,2022-02-03 21:00:00,21,3,2,2022,0,241.5,15.7,37.3,4.16,94.5,0.0,943.6,200.0,1.07,0.879,0.21,SYNTHETIC,synthetic_demo_generator_v1
DEMO-HADAPSAR,Hadapsar,18.5089,73.926,MPCB,2022-02-03 22:00:00,22,3,2,2022,0,200.6,15.7,49.6,2.27,88.3,0.0,941.0,200.0,1.0,0.3,0.21,SYNTHETIC,synthetic_demo_generator_v1
DEMO-HADAPSAR,Hadapsar,18.5089,73.926,MPCB,2022-02-03 23:00:00,23,3,2,2022,0,154.8,9.2,42.6,3.14,64.6,0.0,942.4,200.0,0.93,0.3,0.21,SYNTHETIC,synthetic_demo_generator_v1
DEMO-HADAPSAR,Hadapsar,18.5089,73.926,MPCB,2022-02-04 01:00:00,1,4,2,2022,0,135.0,12.6,41.1,4.12,82.4,0.0,944.4,200.0,0.86,0.3,0.21,SYNTHETIC,synthetic_demo_generator_v1
DEMO-HADAPSAR,Hadapsar,18.5089,73.926,MPCB,2022-02-04 02:00:00,2,4,2,2022,0,155.0,13.0,36.2,2.48,55.7,0.0,944.6,200.0,0.846,0.3,0.21,SYNTHETIC,synthetic_demo_generator_v1
DEMO-HADAPSAR,Hadapsar,18.5089,73.926,MPCB,2022-02-04 03:00:00,3,4,2,2022,0,179.4,13.7,26.1,2.79,21.6,0.0,938.2,200.0,0.839,0.3,0.21,SYNTHETIC,synthetic_demo_generator_v1
DEMO-HADAPSAR,Hadapsar,18.5089,73.926,MPCB,2022-02-04 04:00:00,4,4,2,2022,0,180.4,13.9,42.4,2.71,30.5,0.0,939.8,200.0,0.86,0.3,0.21,SYNTHETIC,synthetic_demo_generator_v1
DEMO-HADAPSAR,Hadapsar,18.5089,73.926,MPCB,2022-02-04 06:00:00,6,4,2,2022,0,226.5,17.5,48.1,1.56,79.2,0.0,941.4,200.0,1.0,0.85,0.21,SYNTHETIC,synthetic_demo_generator_v1
DEMO-HADAPSAR,Hadapsar,18.5089,73.926,MPCB,2022-02-04 07:00:00,7,4,2,2022,0,223.9,21.1,33.7,3.47,69.2,0.0,944.3,273.0,1.14,0.879,0.21,SYNTHETIC,synthetic_demo_generator_v1
DEMO-HADAPSAR,Hadapsar,18.5089,73.926,MPCB,2022-02-04 08:00:00,8,4,2,2022,0,138.2,22.9,50.3,1.78,101.7,0.0,947.0,648.0,1.21,0.907,0.56,SYNTHETIC,synthetic_demo_generator_v1
DEMO-HADAPSAR,Hadapsar,18.5089,73.926,MPCB,2022-02-04 09:00:00,9,4,2,2022,0,59.3,22.6,19.9,2.82,63.4,0.0,944.6,1415.0,1.105,0.933,0.56,SYNTHETIC,synthetic_demo_generator_v1
DEMO-HADAPSAR,Hadapsar,18.5089,73.926,MPCB,2022-02-04 10:00:00,10,4,2,2022,0,35.6,24.9,48.7,3.36,57.2,0.0,944.6,1743.0,1.0,0.956,0.56,SYNTHETIC,synthetic_demo_generator_v1
DEMO-HADAPSAR,Hadapsar,18.5089,73.926,MPCB,2022-02-04 11:00:00,11,4,2,2022,0,29.8,26.1,41.3,3.29,100.6,0.0,946.3,1751.0,0.93,0.975,0.56,SYNTHETIC,synthetic_demo_generator_v1
DEMO-HADAPSAR,Hadapsar,18.5089,73.926,MPCB,2022-02-04 12:00:00,12,4,2,2022,0,27.2,24.0,43.0,3.02,102.5,0.0,940.8,1821.0,0.895,0.989,0.56,SYNTHETIC,synthetic_demo_generator_v1
DEMO-HADAPSAR,Hadapsar,18.5089,73.926,MPCB,2022-02-04 13:00:00,13,4,2,2022,0,29.3,24.4,42.8,3.28,88.2,0.0,939.2,1924.0,0.86,0.997,0.56,SYNTHETIC,synthetic_demo_generator_v1
DEMO-HADAPSAR,Hadapsar,18.5089,73.926,MPCB,2022-02-04 14:00:00,14,4,2,2022,0,28.5,27.2,45.7,4.02,45.0,0.0,939.0,1707.0,0.846,1.0,0.56,SYNTHETIC,synthetic_demo_generator_v1
DEMO-HADAPSAR,Hadapsar,18.5089,73.926,MPCB,2022-02-04 15:00:00,15,4,2,2022,0,24.0,23.8,56.4,3.61,94.7,0.0,941.5,1469.0,0.874,0.997,0.56,SYNTHETIC,synthetic_demo_generator_v1
DEMO-HADAPSAR,Hadapsar,18.5089,73.926,MPCB,2022-02-04 16:00:00,16,4,2,2022,0,64.6,21.0,44.4,3.34,106.8,0.0,944.1,944.0,0.93,0.989,0.56,SYNTHETIC,synthetic_demo_generator_v1
DEMO-HADAPSAR,Hadapsar,18.5089,73.926,MPCB,2022-02-04 17:00:00,17,4,2,2022,0,110.8,22.3,48.6,2.43,81.6,0.0,944.9,636.0,1.0,0.975,0.56,SYNTHETIC,synthetic_demo_generator_v1
DEMO-HADAPSAR,Hadapsar,18.5089,73.926,MPCB,2022-02-04 18:00:00,18,4,2,2022,0,239.3,16.7,47.4,2.35,113.5,0.0,942.9,200.0,1.105,0.956,0.21,SYNTHETIC,synthetic_demo_generator_v1
DEMO-HADAPSAR,Hadapsar,18.5089,73.926,MPCB,2022-02-04 19:00:00,19,4,2,2022,0,286.0,19.5,48.4,4.58,91.5,0.0,945.4,200.0,1.175,0.933,0.21,SYNTHETIC,synthetic_demo_generator_v1
DEMO-HADAPSAR,Hadapsar,18.5089,73.926,MPCB,2022-02-04 20:00:00,20,4,2,2022,0,320.3,16.6,49.4,2.99,145.6,0.0,940.9,200.0,1.14,0.907,0.21,SYNTHETIC,synthetic_demo_generator_v1
DEMO-HADAPSAR,Hadapsar,18.5089,73.926,MPCB,2022-02-04 21:00:00,21,4,2,2022,0,276.7,12.9,46.9,2.48,125.6,0.0,940.7,200.0,1.07,0.879,0.21,SYNTHETIC,synthetic_demo_generator_v1
DEMO-HADAPSAR,Hadapsar,18.5089,73.926,MPCB,2022-02-04 22:00:00,22,4,2,2022,0,193.1,14.5,44.1,2.84,139.6,0.0,942.4,200.0,1.0,0.3,0.21,SYNTHETIC,synthetic_demo_generator_v1
DEMO-HADAPSAR,Hadapsar,18.5089,73.926,MPCB,2022-02-04 23:00:00,23,4,2,2022,0,170.7,10.0,25.1,3.52,103.2,0.0,942.9,200.0,0.93,0.3,0.21,SYNTHETIC,synthetic_demo_generator_v1
DEMO-HADAPSAR,Hadapsar,18.5089,73.926,MPCB,2022-02-05 00:00:00,0,5,2,2022,1,158.5,14.6,34.6,2.34,31.9,0.0,943.7,200.0,0.835,0.4,0.21,SYNTHETIC,synthetic_demo_generator_v1
DEMO-HADAPSAR,Hadapsar,18.5089,73.926,MPCB,2022-02-05 01:00:00,1,5,2,2022,1,138.5,8.1,38.7,4.4,107.9,0.0,947.1,200.0,0.804,0.4,0.21,SYNTHETIC,synthetic_demo_generator_v1
DEMO-HADAPSAR,Hadapsar,18.5089,73.926,MPCB,2022-02-05 02:00:00,2,5,2,2022,1,180.1,15.7,53.9,3.32,66.4,0.0,939.4,200.0,0.791,0.4,0.21,SYNTHETIC,synthetic_demo_generator_v1
DEMO-HADAPSAR,Hadapsar,18.5089,73.926,MPCB,2022-02-05 03:00:00,3,5,2,2022,1,170.9,14.7,41.9,3.4,116.6,0.0,945.7,200.0,0.785,0.4,0.21,SYNTHETIC,synthetic_demo_generator_v1
DEMO-HADAPSAR,Hadapsar,18.5089,73.926,MPCB,2022-02-05 05:00:00,5,5,2,2022,1,185.2,17.2,29.2,3.7,154.8,0.0,943.4,200.0,0.867,0.4,0.21,SYNTHETIC,synthetic_demo_generator_v1
DEMO-HADAPSAR,Hadapsar,18.5089,73.926,MPCB,2022-02-05 06:00:00,6,5,2,2022,1,144.7,15.1,53.6,2.11,125.1,0.0,943.9,200.0,0.93,0.4,0.21,SYNTHETIC,synthetic_demo_generator_v1
DEMO-HADAPSAR,Hadapsar,18.5089,73.926,MPCB,2022-02-05 07:00:00,7,5,2,2022,1,234.9,21.6,44.7,2.1,61.6,0.0,942.2,343.0,1.056,0.4,0.21,SYNTHETIC,synthetic_demo_generator_v1
DEMO-HADAPSAR,Hadapsar,18.5089,73.926,MPCB,2022-02-05 08:00:00,8,5,2,2022,1,94.1,22.1,37.3,2.12,77.8,0.0,941.5,762.0,1.119,0.4,0.56,SYNTHETIC,synthetic_demo_generator_v1
DEMO-HADAPSAR,Hadapsar,18.5089,73.926,MPCB,2022-02-05 09:00:00,9,5,2,2022,1,51.8,24.4,48.4,2.25,56.0,0.0,946.1,1429.0,1.024,0.4,0.56,SYNTHETIC,synthetic_demo_generator_v1
DEMO-HADAPSAR,Hadapsar,18.5089,73.926,MPCB,2022-02-05 10:00:00,10,5,2,2022,1,42.8,24.2,53.6,2.67,83.1,0.0,949.6,1344.0,0.93,0.4,0.56,SYNTHETIC,synthetic_demo_generator_v1
DEMO-HADAPSAR,Hadapsar,18.5089,73.926,MPCB,2022-02-05 11:00:00,11,5,2,2022,1,21.9,25.5,54.4,3.32,132.4,0.0,943.9,1942.0,0.867,0.4,0.56,SYNTHETIC,synthetic_demo_generator_v1
DEMO-HADAPSAR,Hadapsar,18.5089,73.926,MPCB,2022-02-05 12:00:00,12,5,2,2022,1,20.4,27.7,37.3,4.33,61.7,0.0,939.5,2053.0,0.835,0.4,0.56,SYNTHETIC,synthetic_demo_generator_v1
DEMO-HADAPSAR,Hadapsar,18.5089,73.926,MPCB,2022-02-05 13:00:00,13,5,2,2022,1,20.9,22.0,70.3,3.41,84.1,0.0,941.2,1887.0,0.804,0.4,0.56,SYNTHETIC,synthetic_demo_generator_v1
DEMO-HADAPSAR,Hadapsar,18.5089,73.926,MPCB,2022-02-05 14:00:00,14,5,2,2022,1,33.8,24.8,30.4,2.16,91.7,0.0,943.1,1642.0,0.791,0.4,0.56,SYNTHETIC,synthetic_demo_generator_v1
DEMO-HADAPSAR,Hadapsar,18.5089,73.926,MPCB,2022-02-05 15:00:00,15,5,2,2022,1,35.1,20.8,40.1,3.1,92.4,0.0,942.7,1146.0,0.817,0.4,0.56,SYNTHETIC,synthetic_demo_generator_v1
DEMO-HADAPSAR,Hadapsar,18.5089,73.926,MPCB,2022-02-05 16:00:00,16,5,2,2022,1,72.9,22.2,49.9,2.73,106.5,0.0,937.9,770.0,0.867,0.4,0.56,SYNTHETIC,synthetic_demo_generator_v1
DEMO-HADAPSAR,Hadapsar,18.5089,73.926,MPCB,2022-02-05 17:00:00,17,5,2,2022,1,102.1,21.5,57.8,2.35,121.3,0.0,940.9,522.0,0.93,0.4,0.56,SYNTHETIC,synthetic_demo_generator_v1
DEMO-HADAPSAR,Hadapsar,18.5089,73.926,MPCB,2022-02-05 18:00:00,18,5,2,2022,1,164.1,18.5,42.7,2.67,108.0,0.0,945.7,200.0,1.024,0.4,0.21,SYNTHETIC,synthetic_demo_generator_v1
DEMO-HADAPSAR,Hadapsar,18.5089,73.926,MPCB,2022-02-05 19:00:00,19,5,2,2022,1,211.2,16.5,59.5,2.97,126.3,0.0,945.3,200.0,1.087,0.4,0.21,SYNTHETIC,synthetic_demo_generator_v1
DEMO-HADAPSAR,Hadapsar,18.5089,73.926,MPCB,2022-02-05 20:00:00,20,5,2,2022,1,188.2,13.8,41.6,2.99,120.8,0.0,943.1,200.0,1.056,0.4,0.21,SYNTHETIC,synthetic_demo_generator_v1
DEMO-HADAPSAR,Hadapsar,18.5089,73.926,MPCB,2022-02-05 21:00:00,21,5,2,2022,1,235.1,14.2,47.0,2.55,113.8,0.0,942.9,200.0,0.993,0.4,0.21,SYNTHETIC,synthetic_demo_generator_v1
DEMO-HADAPSAR,Hadapsar,18.5089,73.926,MPCB,2022-02-05 22:00:00,22,5,2,2022,1,173.1,13.7,44.9,2.33,69.6,0.0,940.0,200.0,0.93,0.4,0.21,SYNTHETIC,synthetic_demo_generator_v1
DEMO-HADAPSAR,Hadapsar,18.5089,73.926,MPCB,2022-02-05 23:00:00,23,5,2,2022,1,164.1,12.3,40.9,2.52,58.1,0.0,944.9,200.0,0.867,0.4,0.21,SYNTHETIC,synthetic_demo_generator_v1
DEMO-HADAPSAR,Hadapsar,18.5089,73.926,MPCB,2022-02-06 00:00:00,0,6,2,2022,1,150.9,10.7,37.7,2.47,89.4,0.0,941.7,200.0,0.835,0.4,0.21,SYNTHETIC,synthetic_demo_generator_v1
DEMO-HADAPSAR,Hadapsar,18.5089,73.926,MPCB,2022-02-06 01:00:00,1,6,2,2022,1,154.4,13.8,40.4,2.96,93.0,0.0,945.1,200.0,0.804,0.4,0.21,SYNTHETIC,synthetic_demo_generator_v1
DEMO-HADAPSAR,Hadapsar,18.5089,73.926,MPCB,2022-02-06 02:00:00,2,6,2,2022,1,180.6,14.3,42.2,2.06,127.3,0.0,941.0,200.0,0.791,0.4,0.21,SYNTHETIC,synthetic_demo_generator_v1
DEMO-HADAPSAR,Hadapsar,18.5089,73.926,MPCB,2022-02-06 03:00:00,3,6,2,2022,1,136.1,13.6,51.4,2.5,105.2,0.0,943.1,200.0,0.785,0.4,0.21,SYNTHETIC,synthetic_demo_generator_v1
DEMO-HADAPSAR,Hadapsar,18.5089,73.926,MPCB,2022-02-06 04:00:00,4,6,2,2022,1,168.1,12.8,50.3,3.22,118.3,0.0,944.2,200.0,0.804,0.4,0.21,SYNTHETIC,synthetic_demo_generator_v1
DEMO-HADAPSAR,Hadapsar,18.5089,73.926,MPCB,2022-02-06 05:00:00,5,6,2,2022,1,174.8,18.4,39.5,1.52,114.5,0.0,944.4,200.0,0.867,0.4,0.21,SYNTHETIC,synthetic_demo_generator_v1
DEMO-HADAPSAR,Hadapsar,18.5089,73.926,MPCB,2022-02-06 06:00:00,6,6,2,2022,1,208.7,16.9,42.8,2.13,95.8,0.0,943.2,200.0,0.93,0.4,0.21,SYNTHETIC,synthetic_demo_generator_v1
DEMO-HADAPSAR,Hadapsar,18.5089,73.926,MPCB,2022-02-06 07:00:00,7,6,2,2022,1,167.2,20.9,59.8,1.39,66.9,0.0,938.5,488.0,1.056,0.4,0.21,SYNTHETIC,synthetic_demo_generator_v1
DEMO-HADAPSAR,Hadapsar,18.5089,73.926,MPCB,2022-02-06 08:00:00,8,6,2,2022,1,92.9,21.6,39.9,2.4,51.7,0.0,944.0,1057.0,1.119,0.4,0.56,SYNTHETIC,synthetic_demo_generator_v1
DEMO-HADAPSAR,Hadapsar,18.5089,73.926,MPCB,2022-02-06 09:00:00,9,6,2,2022,1,54.9,25.1,40.3,3.4,114.1,0.0,943.5,1185.0,1.024,0.4,0.56,SYNTHETIC,synthetic_demo_generator_v1
DEMO-HADAPSAR,Hadapsar,18.5089,73.926,MPCB,2022-02-06 10:00:00,10,6,2,2022,1,27.9,26.0,31.5,3.36,65.2,0.0,941.9,1610.0,0.93,0.4,0.56,SYNTHETIC,synthetic_demo_generator_v1
DEMO-HADAPSAR,Hadapsar,18.5089,73.926,MPCB,2022-02-06 11:00:00,11,6,2,2022,1,30.5,24.6,54.5,1.54,119.5,0.0,944.6,1682.0,0.867,0.4,0.56,SYNTHETIC,synthetic_demo_generator_v1
DEMO-HADAPSAR,Hadapsar,18.5089,73.926,MPCB,2022-02-06 12:00:00,12,6,2,2022,1,25.9,27.4,49.2,2.55,143.1,0.0,940.5,1701.0,0.835,0.4,0.56,SYNTHETIC,synthetic_demo_generator_v1
DEMO-HADAPSAR,Hadapsar,18.5089,73.926,MPCB,2022-02-06 13:00:00,13,6,2,2022,1,25.7,22.5,47.3,2.34,57.0,0.0,943.9,1871.0,0.804,0.4,0.56,SYNTHETIC,synthetic_demo_generator_v1
DEMO-HADAPSAR,Hadapsar,18.5089,73.926,MPCB,2022-02-06 14:00:00,14,6,2,2022,1,24.9,24.3,40.3,0.86,73.6,0.0,945.8,1679.0,0.791,0.4,0.56,SYNTHETIC,synthetic_demo_generator_v1
DEMO-HADAPSAR,Hadapsar,18.5089,73.926,MPCB,2022-02-06 15:00:00,15,6,2,2022,1,31.6,23.5,42.5,3.65,119.6,0.0,943.4,1039.0,0.817,0.4,0.56,SYNTHETIC,synthetic_demo_generator_v1
DEMO-HADAPSAR,Hadapsar,18.5089,73.926,MPCB,2022-02-06 16:00:00,16,6,2,2022,1,71.7,22.2,38.3,3.01,135.9,0.0,946.1,896.0,0.867,0.4,0.56,SYNTHETIC,synthetic_demo_generator_v1
DEMO-HADAPSAR,Hadapsar,18.5089,73.926,MPCB,2022-02-06 17:00:00,17,6,2,2022,1,114.1,22.3,49.2,1.69,58.1,0.0,943.2,479.0,0.93,0.4,0.56,SYNTHETIC,synthetic_demo_generator_v1
DEMO-HADAPSAR,Hadapsar,18.5089,73.926,MPCB,2022-02-06 18:00:00,18,6,2,2022,1,228.7,20.8,50.3,3.05,58.8,0.0,946.4,200.0,1.024,0.4,0.21,SYNTHETIC,synthetic_demo_generator_v1
DEMO-HADAPSAR,Hadapsar,18.5089,73.926,MPCB,2022-02-06 19:00:00,19,6,2,2022,1,283.1,14.5,27.0,1.3,142.4,0.0,940.1,200.0,1.087,0.4,0.21,SYNTHETIC,synthetic_demo_generator_v1
DEMO-HADAPSAR,Hadapsar,18.5089,73.926,MPCB,2022-02-06 20:00:00,20,6,2,2022,1,246.7,14.1,47.9,2.32,102.9,0.0,944.2,200.0,1.056,0.4,0.21,SYNTHETIC,synthetic_demo_generator_v1
DEMO-HADAPSAR,Hadapsar,18.5089,73.926,MPCB,2022-02-06 21:00:00,21,6,2,2022,1,190.8,11.5,39.7,4.0,84.8,0.0,948.0,200.0,0.993,0.4,0.21,SYNTHETIC,synthetic_demo_generator_v1
DEMO-HADAPSAR,Hadapsar,18.5089,73.926,MPCB,2022-02-06 22:00:00,22,6,2,2022,1,172.2,11.9,40.3,2.39,78.8,0.0,945.8,200.0,0.93,0.4,0.21,SYNTHETIC,synthetic_demo_generator_v1
DEMO-HADAPSAR,Hadapsar,18.5089,73.926,MPCB,2022-02-06 23:00:00,23,6,2,2022,1,147.2,11.2,39.0,3.25,120.4,0.0,940.4,200.0,0.867,0.4,0.21,SYNTHETIC,synthetic_demo_generator_v1
DEMO-HADAPSAR,Hadapsar,18.5089,73.926,MPCB,2022-02-07 00:00:00,0,0,2,2022,0,117.6,10.3,48.2,1.91,85.7,0.0,947.3,200.0,0.895,0.3,0.21,SYNTHETIC,synthetic_demo_generator_v1
DEMO-HADAPSAR,Hadapsar,18.5089,73.926,MPCB,2022-02-07 01:00:00,1,0,2,2022,0,194.8,11.7,60.1,1.37,57.5,0.0,944.9,200.0,0.86,0.3,0.21,SYNTHETIC,synthetic_demo_generator_v1
DEMO-HADAPSAR,Hadapsar,18.5089,73.926,MPCB,2022-02-07 02:00:00,2,0,2,2022,0,181.6,12.9,49.1,2.36,131.9,0.0,944.9,200.0,0.846,0.3,0.21,SYNTHETIC,synthetic_demo_generator_v1
DEMO-HADAPSAR,Hadapsar,18.5089,73.926,MPCB,2022-02-07 03:00:00,3,0,2,2022,0,169.9,15.2,44.6,2.79,118.8,0.0,944.8,200.0,0.839,0.3,0.21,SYNTHETIC,synthetic_demo_generator_v1
DEMO-HADAPSAR,Hadapsar,18.5089,73.926,MPCB,2022-02-07 05:00:00,5,0,2,2022,0,251.1,17.4,50.9,1.83,93.3,0.0,948.4,200.0,0.93,0.3,0.21,SYNTHETIC,synthetic_demo_generator_v1
DEMO-HADAPSAR,Hadapsar,18.5089,73.926,MPCB,2022-02-07 06:00:00,6,0,2,2022,0,311.5,17.4,45.5,1.98,63.7,0.0,942.2,200.0,1.0,0.85,0.21,SYNTHETIC,synthetic_demo_generator_v1
DEMO-HADAPSAR,Hadapsar,18.5089,73.926,MPCB,2022-02-07 07:00:00,7,0,2,2022,0,148.5,18.4,40.2,3.11,79.7,0.0,942.4,602.0,1.14,0.879,0.21,SYNTHETIC,synthetic_demo_generator_v1
DEMO-HADAPSAR,Hadapsar,18.5089,73.926,MPCB,2022-02-07 08:00:00,8,0,2,2022,0,80.4,20.6,50.4,1.34,99.4,0.0,943.1,820.0,1.21,0.907,0.56,SYNTHETIC,synthetic_demo_generator_v1
DEMO-HADAPSAR,Hadapsar,18.5089,73.926,MPCB,2022-02-07 09:00:00,9,0,2,2022,0,53.8,25.0,38.8,1.85,88.9,0.0,939.1,1201.0,1.105,0.933,0.56,SYNTHETIC,synthetic_demo_generator_v1
DEMO-HADAPSAR,Hadapsar,18.5089,73.926,MPCB,2022-02-07 10:00:00,10,0,2,2022,0,38.9,25.4,43.3,3.67,93.5,0.0,943.0,1490.0,1.0,0.956,0.56,SYNTHETIC,synthetic_demo_generator_v1
DEMO-HADAPSAR,Hadapsar,18.5089,73.926,MPCB,2022-02-07 11:00:00,11,0,2,2022,0,36.6,24.1,51.1,2.88,94.5,0.0,942.2,1433.0,0.93,0.975,0.56,SYNTHETIC,synthetic_demo_generator_v1
DEMO-HADAPSAR,Hadapsar,18.5089,73.926,MPCB,2022-02-07 12:00:00,12,0,2,2022,0,27.5,28.0,46.7,2.52,110.3,0.0,945.2,1882.0,0.895,0.989,0.56,SYNTHETIC,synthetic_demo_generator_v1
DEMO-HADAPSAR,Hadapsar,18.5089,73.926,MPCB,2022-02-07 13:00:00,13,0,2,2022,0,25.0,25.7,56.1,1.45,64.4,0.0,945.2,1750.0,0.86,0.997,0.56,SYNTHETIC,synthetic_demo_generator_v1
DEMO-HADAPSAR,Hadapsar,18.5089,73.926,MPCB,2022-02-07 14:00:00,14,0,2,2022,0,29.7,22.6,42.9,3.19,97.6,0.0,942.7,1324.0,0.846,1.0,0.56,SYNTHETIC,synthetic_demo_generator_v1
DEMO-HADAPSAR,Hadapsar,18.5089,73.926,MPCB,2022-02-07 15:00:00,15,0,2,2022,0,59.5,23.1,43.9,2.21,84.1,0.0,945.1,988.0,0.874,0.997,0.56,SYNTHETIC,synthetic_demo_generator_v1
DEMO-HADAPSAR,Hadapsar,18.5089,73.926,MPCB,2022-02-07 16:00:00,16,0,2,2022,0,83.7,22.7,31.0,2.85,60.6,0.0,939.8,641.0,0.93,0.989,0.56,SYNTHETIC,synthetic_demo_generator_v1
DEMO-HADAPSAR,Hadapsar,18.5089,73.926,MPCB,2022-02-07 17:00:00,17,0,2,2022,0,116.1,19.6,27.6,1.88,49.7,0.0,941.2,502.0,1.0,0.975,0.56,SYNTHETIC,synthetic_demo_generator_v1
DEMO-HADAPSAR,Hadapsar,18.5089,73.926,MPCB,2022-02-07 18:00:00,18,0,2,2022,0,238.2,17.3,43.1,1.71,83.2,0.0,944.5,200.0,1.105,0.956,0.21,SYNTHETIC,synthetic_demo_generator_v1
DEMO-HADAPSAR,Hadapsar,18.5089,73.926,MPCB,2022-02-07 19:00:00,19,0,2,2022,0,282.9,15.4,30.7,3.2,152.1,0.0,942.4,200.0,1.175,0.933,0.21,SYNTHETIC,synthetic_demo_generator_v1
DEMO-HADAPSAR,Hadapsar,18.5089,73.926,MPCB,2022-02-07 20:00:00,20,0,2,2022,0,310.0,14.6,62.0,2.44,53.4,0.0,945.0,200.0,1.14,0.907,0.21,SYNTHETIC,synthetic_demo_generator_v1
DEMO-HADAPSAR,Hadapsar,18.5089,73.926,MPCB,2022-02-07 21:00:00,21,0,2,2022,0,247.9,14.0,42.1,3.57,85.4,0.0,939.9,200.0,1.07,0.879,0.21,SYNTHETIC,synthetic_demo_generator_v1
DEMO-HADAPSAR,Hadapsar,18.5089,73.926,MPCB,2022-02-07 22:00:00,22,0,2,2022,0,196.5,13.4,52.3,3.41,111.6,0.0,944.3,200.0,1.0,0.3,0.21,SYNTHETIC,synthetic_demo_generator_v1
DEMO-HADAPSAR,Hadapsar,18.5089,73.926,MPCB,2022-02-07 23:00:00,23,0,2,2022,0,202.9,11.3,46.3,3.02,54.7,0.0,945.3,200.0,0.93,0.3,0.21,SYNTHETIC,synthetic_demo_generator_v1
DEMO-HADAPSAR,Hadapsar,18.5089,73.926,MPCB,2022-02-08 00:00:00,0,1,2,2022,0,182.4,9.6,40.2,2.46,105.6,0.0,943.4,200.0,0.895,0.3,0.21,SYNTHETIC,synthetic_demo_generator_v1
DEMO-HADAPSAR,Hadapsar,18.5089,73.926,MPCB,2022-02-08 01:00:00,1,1,2,2022,0,165.0,12.2,50.9,4.45,111.1,0.0,940.5,200.0,0.86,0.3,0.21,SYNTHETIC,synthetic_demo_generator_v1
DEMO-HADAPSAR,Hadapsar,18.5089,73.926,MPCB,2022-02-08 02:00:00,2,1,2,2022,0,200.5,12.1,42.5,2.19,54.3,0.0,943.4,200.0,0.846,0.3,0.21,SYNTHETIC,synthetic_demo_generator_v1
DEMO-HADAPSAR,Hadapsar,18.5089,73.926,MPCB,2022-02-08 03:00:00,3,1,2,2022,0,180.1,13.9,50.7,1.4,98.8,0.0,945.9,200.0,0.839,0.3,0.21,SYNTHETIC,synthetic_demo_generator_v1
DEMO-HADAPSAR,Hadapsar,18.5089,73.926,MPCB,2022-02-08 04:00:00,4,1,2,2022,0,194.3,13.8,36.9,3.22,85.0,0.0,945.4,200.0,0.86,0.3,0.21,SYNTHETIC,synthetic_demo_generator_v1
DEMO-HADAPSAR,Hadapsar,18.5089,73.926,MPCB,2022-02-08 05:00:00,5,1,2,2022,0,227.2,17.4,46.5,2.58,66.4,0.0,941.3,200.0,0.93,0.3,0.21,SYNTHETIC,synthetic_demo_generator_v1
DEMO-HADAPSAR,Hadapsar,18.5089,73.926,MPCB,2022-02-08 06:00:00,6,1,2,2022,0,178.4,19.8,55.0,3.64,117.3,0.0,941.5,200.0,1.0,0.85,0.21,SYNTHETIC,synthetic_demo_generator_v1
DEMO-HADAPSAR,Hadapsar,18.5089,73.926,MPCB,2022-02-08 07:00:00,7,1,2,2022,0,158.2,21.5,27.1,4.18,85.8,0.0,936.0,358.0,1.14,0.879,0.21,SYNTHETIC,synthetic_demo_generator_v1
DEMO-HADAPSAR,Hadapsar,18.5089,73.926,MPCB,2022-02-08 08:00:00,8,1,2,2022,0,89.5,23.0,36.6,3.45,83.8,0.0,947.2,963.0,1.21,0.907,0.56,SYNTHETIC,synthetic_demo_generator_v1
DEMO-HADAPSAR,Hadapsar,18.5089,73.926,MPCB,2022-02-08 09:00:00,9,1,2,2022,0,46.0,25.4,44.3,2.37,143.5,0.0,942.3,1385.0,1.105,0.933,0.56,SYNTHETIC,synthetic_demo_generator_v1
DEMO-HADAPSAR,Hadapsar,18.5089,73.926,MPCB,2022-02-08 10:00:00,10,1,2,2022,0,37.9,25.2,40.2,2.36,132.4,0.0,946.5,1587.0,1.0,0.956,0.56,SYNTHETIC,synthetic_demo_generator_v1
DEMO-HADAPSAR,Hadapsar,18.5089,73.926,MPCB,2022-02-08 11:00:00,11,1,2,2022,0,48.3,27.8,51.5,3.36,91.9,0.0,946.7,1477.0,0.93,0.975,0.56,SYNTHETIC,synthetic_demo_generator_v1
DEMO-HADAPSAR,Hadapsar,18.5089,73.926,MPCB,2022-02-08 12:00:00,12,1,2,2022,0,26.2,26.7,40.5,2.72,102.5,0.0,939.4,1688.0,0.895,0.989,0.56,SYNTHETIC,synthetic_demo_generator_v1
DEMO-HADAPSAR,Hadapsar,18.5089,73.926,MPCB,2022-02-08 13:00:00,13,1,2,2022,0,22.0,26.0,34.6,2.91,60.7,0.0,940.9,1795.0,0.86,0.997,0.56,SYNTHETIC,synthetic_demo_generator_v1
DEMO-HADAPSAR,Hadapsar,18.5089,73.926,MPCB,2022-02-08 15:00:00,15,1,2,2022,0,54.5,21.9,61.4,2.01,116.0,0.0,942.7,1313.0,0.874,0.997,0.56,SYNTHETIC,synthetic_demo_generator_v1
DEMO-HADAPSAR,Hadapsar,18.5089,73.926,MPCB,2022-02-08 16:00:00,16,1,2,2022,0,65.8,19.2,46.7,2.29,83.6,0.0,943.4,860.0,0.93,0.989,0.56,SYNTHETIC,synthetic_demo_generator_v1
DEMO-HADAPSAR,Hadapsar,18.5089,73.926,MPCB,2022-02-08 17:00:00,17,1,2,2022,0,84.3,20.8,49.6,3.17,87.7,0.0,941.6,704.0,1.0,0.975,0.56,SYNTHETIC,synthetic_demo_generator_v1
DEMO-HADAPSAR,Hadapsar,18.5089,73.926,MPCB,2022-02-08 18:00:00,18,1,2,2022,0,274.2,17.7,43.2,1.95,92.9,0.0,943.8,200.0,1.105,0.956,0.21,SYNTHETIC,synthetic_demo_generator_v1
DEMO-HADAPSAR,Hadapsar,18.5089,73.926,MPCB,2022-02-08 19:00:00,19,1,2,2022,0,257.2,17.9,29.8,2.38,64.0,0.0,943.6,200.0,1.175,0.933,0.21,SYNTHETIC,synthetic_demo_generator_v1
DEMO-HADAPSAR,Hadapsar,18.5089,73.926,MPCB,2022-02-08 20:00:00,20,1,2,2022,0,248.7,14.6,65.5,2.3,98.3,0.0,943.6,200.0,1.14,0.907,0.21,SYNTHETIC,synthetic_demo_generator_v1
DEMO-HADAPSAR,Hadapsar,18.5089,73.926,MPCB,2022-02-08 21:00:00,21,1,2,2022,0,247.2,14.2,27.8,3.12,104.7,0.0,940.5,200.0,1.07,0.879,0.21,SYNTHETIC,synthetic_demo_generator_v1
DEMO-HADAPSAR,Hadapsar,18.5089,73.926,MPCB,2022-02-08 22:00:00,22,1,2,2022,0,202.9,14.9,45.7,2.55,103.0,0.0,940.4,200.0,1.0,0.3,0.21,SYNTHETIC,synthetic_demo_generator_v1
DEMO-HADAPSAR,Hadapsar,18.5089,73.926,MPCB,2022-02-08 23:00:00,23,1,2,2022,0,150.0,12.7,47.6,2.7,80.0,0.0,934.0,200.0,0.93,0.3,0.21,SYNTHETIC,synthetic_demo_generator_v1
DEMO-HADAPSAR,Hadapsar,18.5089,73.926,MPCB,2022-02-09 00:00:00,0,2,2,2022,0,171.3,11.1,44.2,2.42,83.7,0.0,940.4,200.0,0.895,0.3,0.21,SYNTHETIC,synthetic_demo_generator_v1
DEMO-HADAPSAR,Hadapsar,18.5089,73.926,MPCB,2022-02-09 01:00:00,1,2,2,2022,0,144.6,14.8,56.5,2.49,183.3,0.0,946.4,200.0,0.86,0.3,0.21,SYNTHETIC,synthetic_demo_generator_v1
DEMO-HADAPSAR,Hadapsar,18.5089,73.926,MPCB,2022-02-09 02:00:00,2,2,2,2022,0,172.8,12.5,37.1,3.18,91.6,0.0,944.0,200.0,0.846,0.3,0.21,SYNTHETIC,synthetic_demo_generator_v1
DEMO-HADAPSAR,Hadapsar,18.5089,73.926,MPCB,2022-02-09 03:00:00,3,2,2,2022,0,191.0,14.6,41.5,3.24,64.1,0.0,944.6,200.0,0.839,0.3,0.21,SYNTHETIC,synthetic_demo_generator_v1
DEMO-HADAPSAR,Hadapsar,18.5089,73.926,MPCB,2022-02-09 04:00:00,4,2,2,2022,0,200.9,14.6,38.5,2.23,122.7,0.0,946.0,200.0,0.86,0.3,0.21,SYNTHETIC,synthetic_demo_generator_v1
DEMO-HADAPSAR,Hadapsar,18.5089,73.926,MPCB,2022-02-09 05:00:00,5,2,2,2022,0,209.7,17.1,38.8,2.81,69.0,0.0,941.6,200.0,0.93,0.3,0.21,SYNTHETIC,synthetic_demo_generator_v1
DEMO-HADAPSAR,Hadapsar,18.5089,73.926,MPCB,2022-02-09 06:00:00,6,2,2,2022,0,207.2,19.6,43.2,1.58,77.2,0.0,944.8,200.0,1.0,0.85,0.21,SYNTHETIC,synthetic_demo_generator_v1
DEMO-HADAPSAR,Hadapsar,18.5089,73.926,MPCB,2022-02-09 07:00:00,7,2,2,2022,0,146.5,22.3,49.2,0.0,82.2,0.0,939.8,634.0,1.14,0.879,0.21,SYNTHETIC,synthetic_demo_generator_v1
DEMO-HADAPSAR,Hadapsar,18.5089,73.926,MPCB,2022-02-09 08:00:00,8,2,2,2022,0,132.9,24.7,53.1,2.61,34.3,0.0,945.0,684.0,1.21,0.907,0.56,SYNTHETIC,synthetic_demo_generator_v1
DEMO-HADAPSAR,Hadapsar,18.5089,73.926,MPCB,2022-02-09 09:00:00,9,2,2,2022,0,90.3,25.8,22.8,1.82,87.9,0.0,940.5,718.0,1.105,0.933,0.56,SYNTHETIC,synthetic_demo_generator_v1
DEMO-HADAPSAR,Hadapsar,18.5089,73.926,MPCB,2022-02-09 10:00:00,10,2,2,2022,0,26.8,26.0,45.8,4.09,101.7,0.0,941.3,1669.0,1.0,0.956,0.56,SYNTHETIC,synthetic_demo_generator_v1
DEMO-HADAPSAR,Hadapsar,18.5089,73.926,MPCB,2022-02-09 11:00:00,11,2,2,2022,0,34.8,26.2,49.8,2.58,56.8,0.0,940.7,1648.0,0.93,0.975,0.56,SYNTHETIC,synthetic_demo_generator_v1
DEMO-HADAPSAR,Hadapsar,18.5089,73.926,MPCB,2022-02-09 12:00:00,12,2,2,2022,0,22.4,27.6,56.8,1.58,44.4,0.0,943.2,1966.0,0.895,0.989,0.56,SYNTHETIC,synthetic_demo_generator_v1
DEMO-HADAPSAR,Hadapsar,18.5089,73.926,MPCB,2022-02-09 13:00:00,13,2,2,2022,0,24.5,25.0,38.0,2.44,32.2,0.0,948.7,1760.0,0.86,0.997,0.56,SYNTHETIC,synthetic_demo_generator_v1
DEMO-HADAPSAR,Hadapsar,18.5089,73.926,MPCB,2022-02-09 14:00:00,14,2,2,2022,0,35.3,28.2,34.6,1.26,87.5,0.0,942.4,1723.0,0.846,1.0,0.56,SYNTHETIC,synthetic_demo_generator_v1
DEMO-HADAPSAR,Hadapsar,18.5089,73.926,MPCB,2022-02-09 15:00:00,15,2,2,2022,0,41.4,26.1,48.6,2.25,20.6,0.0,945.4,1350.0,0.874,0.997,0.56,SYNTHETIC,synthetic_demo_generator_v1
DEMO-HADAPSAR,Hadapsar,18.5089,73.926,MPCB,2022-02-09 16:00:00,16,2,2,2022,0,53.2,23.8,45.8,1.18,130.9,0.0,943.8,959.0,0.93,0.989,0.56,SYNTHETIC,synthetic_demo_generator_v1
DEMO-HADAPSAR,Hadapsar,18.5089,73.926,MPCB,2022-02-09 17:00:00,17,2,2,2022,0,57.1,19.4,59.2,3.42,83.2,0.0,944.1,829.0,1.0,0.975,0.56,SYNTHETIC,synthetic_demo_generator_v1
DEMO-HADAPSAR,Hadapsar,18.5089,73.926,MPCB,2022-02-09 18:00:00,18,2,2,2022,0,181.1,18.4,37.3,3.73,116.2,0.0,943.4,220.0,1.105,0.956,0.21,SYNTHETIC,synthetic_demo_generator_v1
DEMO-HADAPSAR,Hadapsar,18.5089,73.926,MPCB,2022-02-09 19:00:00,19,2,2,2022,0,351.6,17.0,58.8,1.46,85.9,0.0,948.0,200.0,1.175,0.933,0.21,SYNTHETIC,synthetic_demo_generator_v1
DEMO-HADAPSAR,Hadapsar,18.5089,73.926,MPCB,2022-02-09 20:00:00,20,2,2,2022,0,286.5,15.0,56.9,2.41,46.0,0.0,942.4,200.0,1.14,0.907,0.21,SYNTHETIC,synthetic_demo_generator_v1
DEMO-HADAPSAR,Hadapsar,18.5089,73.926,MPCB,2022-02-09 21:00:00,21,2,2,2022,0,178.0,14.3,49.6,2.54,104.4,0.0,940.8,200.0,1.07,0.879,0.21,SYNTHETIC,synthetic_demo_generator_v1
DEMO-HADAPSAR,Hadapsar,18.5089,73.926,MPCB,2022-02-09 22:00:00,22,2,2,2022,0,222.5,12.4,38.0,0.36,77.8,0.0,947.4,200.0,1.0,0.3,0.21,SYNTHETIC,synthetic_demo_generator_v1
DEMO-HADAPSAR,Hadapsar,18.5089,73.926,MPCB,2022-02-10 00:00:00,0,3,2,2022,0,223.3,13.6,45.9,1.34,115.7,0.0,942.0,200.0,0.895,0.3,0.21,SYNTHETIC,synthetic_demo_generator_v1
DEMO-HADAPSAR,Hadapsar,18.5089,73.926,MPCB,2022-02-10 01:00:00,1,3,2,2022,0,191.0,10.4,38.8,1.36,97.1,0.0,943.2,200.0,0.86,0.3,0.21,SYNTHETIC,synthetic_demo_generator_v1
DEMO-HADAPSAR,Hadapsar,18.5089,73.926,MPCB,2022-02-10 02:00:00,2,3,2,2022,0,225.6,13.8,50.5,1.92,117.5,0.0,939.7,200.0,0.846,0.3,0.21,SYNTHETIC,synthetic_demo_generator_v1
DEMO-HADAPSAR,Hadapsar,18.5089,73.926,MPCB,2022-02-10 03:00:00,3,3,2,2022,0,126.5,15.5,32.5,3.55,127.4,0.0,942.8,200.0,0.839,0.3,0.21,SYNTHETIC,synthetic_demo_generator_v1
DEMO-HADAPSAR,Hadapsar,18.5089,73.926,MPCB,2022-02-10 04:00:00,4,3,2,2022,0,130.5,16.7,44.7,2.49,91.8,0.0,937.2,200.0,0.86,0.3,0.21,SYNTHETIC,synthetic_demo_generator_v1
DEMO-HADAPSAR,Hadapsar,18.5089,73.926,MPCB,2022-02-10 05:00:00,5,3,2,2022,0,215.3,16.6,39.9,1.58,131.0,0.0,945.2,200.0,0.93,0.3,0.21,SYNTHETIC,synthetic_demo_generator_v1
DEMO-HADAPSAR,Hadapsar,18.5089,73.926,MPCB,2022-02-10 06:00:00,6,3,2,2022,0,271.5,17.6,47.9,0.96,37.0,0.0,942.3,200.0,1.0,0.85,0.21,SYNTHETIC,synthetic_demo_generator_v1
DEMO-HADAPSAR,Hadapsar,18.5089,73.926,MPCB,2022-02-10 07:00:00,7,3,2,2022,0,91.2,22.0,36.9,2.24,34.2,0.0,944.5,653.0,1.14,0.879,0.21,SYNTHETIC,synthetic_demo_generator_v1
DEMO-HADAPSAR,Hadapsar,18.5089,73.926,MPCB,2022-02-10 08:00:00,8,3,2,2022,0,77.6,26.6,37.6,2.86,128.7,0.0,945.7,998.0,1.21,0.907,0.56,SYNTHETIC,synthetic_demo_generator_v1
DEMO-HADAPSAR,Hadapsar,18.5089,73.926,MPCB,2022-02-10 09:00:00,9,3,2,2022,0,71.2,25.7,61.3,2.34,87.0,0.0,943.6,1106.0,1.105,0.933,0.56,SYNTHETIC,synthetic_demo_generator_v1
DEMO-HADAPSAR,Hadapsar,18.5089,73.926,MPCB,2022-02-10 10:00:00,10,3,2,2022,0,41.1,27.7,34.9,2.96,100.8,0.0,943.3,1561.0,1.0,0.956,0.56,SYNTHETIC,synthetic_demo_generator_v1
DEMO-HADAPSAR,Hadapsar,18.5089,73.926,MPCB,2022-02-10 11:00:00,11,3,2,2022,0,25.6,26.0,43.4,3.06,109.8,0.0,939.9,1946.0,0.93,0.975,0.56,SYNTHETIC,synthetic_demo_generator_v1
DEMO-HADAPSAR,Hadapsar,18.5089,73.926,MPCB,2022-02-10 12:00:00,12,3,2,2022,0,22.4,27.9,35.7,2.13,116.0,0.0,939.9,2066.0,0.895,0.989,0.56,SYNTHETIC,synthetic_demo_generator_v1
DEMO-HADAPSAR,Hadapsar,18.5089,73.926,MPCB,2022-02-10 13:00:00,13,3,2,2022,0,34.8,25.5,56.4,2.43,79.3,0.0,942.3,1663.0,0.86,0.997,0.56,SYNTHETIC,synthetic_demo_generator_v1
DEMO-HADAPSAR,Hadapsar,18.5089,73.926,MPCB,2022-02-10 14:00:00,14,3,2,2022,0,34.1,25.0,56.0,1.82,61.1,0.0,943.6,1666.0,0.846,1.0,0.56,SYNTHETIC,synthetic_demo_generator_v1
DEMO-HADAPSAR,Hadapsar,18.5089,73.926,MPCB,2022-02-10 15:00:00,15,3,2,2022,0,29.9,24.6,62.7,2.85,80.2,0.0,940.2,1450.0,0.874,0.997,0.56,SYNTHETIC,synthetic_demo_generator_v1
DEMO-HADAPSAR,Hadapsar,18.5089,73.926,MPCB,2022-02-10 16:00:00,16,3,2,2022,0,74.3,24.3,60.1,3.04,103.5,0.0,944.9,970.0,0.93,0.989,0.56,SYNTHETIC,synthetic_demo_generator_v1
DEMO-HADAPSAR,Hadapsar,18.5089,73.926,MPCB,2022-02-10 17:00:00,17,3,2,2022,0,145.2,20.3,27.8,2.24,83.4,0.0,937.9,473.0,1.0,0.975,0.56,SYNTHETIC,synthetic_demo_generator_v1
DEMO-HADAPSAR,Hadapsar,18.5089,73.926,MPCB,2022-02-10 18:00:00,18,3,2,2022,0,267.3,20.3,42.8,1.15,106.0,0.0,943.0,209.0,1.105,0.956,0.21,SYNTHETIC,synthetic_demo_generator_v1
DEMO-HADAPSAR,Hadapsar,18.5089,73.926,MPCB,2022-02-10 19:00:00,19,3,2,2022,0,246.5,20.2,61.0,1.1,134.0,0.0,942.3,200.0,1.175,0.933,0.21,SYNTHETIC,synthetic_demo_generator_v1
DEMO-HADAPSAR,Hadapsar,18.5089,73.926,MPCB,2022-02-10 20:00:00,20,3,2,2022,0,242.3,15.5,38.7,3.69,69.1,0.0,944.0,200.0,1.14,0.907,0.21,SYNTHETIC,synthetic_demo_generator_v1
DEMO-HADAPSAR,Hadapsar,18.5089,73.926,MPCB,2022-02-10 22:00:00,22,3,2,2022,0,200.6,14.1,49.5,2.98,112.8,0.0,941.6,200.0,1.0,0.3,0.21,SYNTHETIC,synthetic_demo_generator_v1
DEMO-HADAPSAR,Hadapsar,18.5089,73.926,MPCB,2022-02-10 23:00:00,23,3,2,2022,0,154.6,12.6,44.7,2.75,87.7,0.0,942.1,200.0,0.93,0.3,0.21,SYNTHETIC,synthetic_demo_generator_v1
DEMO-HADAPSAR,Hadapsar,18.5089,73.926,MPCB,2022-02-11 00:00:00,0,4,2,2022,0,197.7,11.1,33.1,2.73,51.5,0.0,939.6,200.0,0.895,0.3,0.21,SYNTHETIC,synthetic_demo_generator_v1
DEMO-HADAPSAR,Hadapsar,18.5089,73.926,MPCB,2022-02-11 01:00:00,1,4,2,2022,0,145.2,13.1,51.5,3.14,136.1,0.0,942.9,200.0,0.86,0.3,0.21,SYNTHETIC,synthetic_demo_generator_v1
DEMO-HADAPSAR,Hadapsar,18.5089,73.926,MPCB,2022-02-11 02:00:00,2,4,2,2022,0,122.8,11.2,36.5,3.1,51.7,0.0,942.7,402.0,0.846,0.3,0.21,SYNTHETIC,synthetic_demo_generator_v1
DEMO-HADAPSAR,Hadapsar,18.5089,73.926,MPCB,2022-02-11 03:00:00,3,4,2,2022,0,168.4,13.7,56.8,3.58,50.6,0.0,942.1,288.0,0.839,0.3,0.21,SYNTHETIC,synthetic_demo_generator_v1
DEMO-HADAPSAR,Hadapsar,18.5089,73.926,MPCB,2022-02-11 04:00:00,4,4,2,2022,0,153.1,17.0,59.4,2.53,82.1,0.0,946.5,221.0,0.86,0.3,0.21,SYNTHETIC,synthetic_demo_generator_v1
DEMO-HADAPSAR,Hadapsar,18.5089,73.926,MPCB,2022-02-11 05:00:00,5,4,2,2022,0,197.4,15.0,48.7,3.98,59.7,0.0,943.4,200.0,0.93,0.3,0.21,SYNTHETIC,synthetic_demo_generator_v1
DEMO-HADAPSAR,Hadapsar,18.5089,73.926,MPCB,2022-02-11 06:00:00,6,4,2,2022,0,210.3,19.3,57.9,3.41,82.3,0.0,944.3,200.0,1.0,0.85,0.21,SYNTHETIC,synthetic_demo_generator_v1
DEMO-HADAPSAR,Hadapsar,18.5089,73.926,MPCB,2022-02-11 07:00:00,7,4,2,2022,0,76.9,20.0,43.4,2.84,89.7,0.0,943.9,732.0,1.14,0.879,0.21,SYNTHETIC,synthetic_demo_generator_v1
DEMO-HADAPSAR,Hadapsar,18.5089,73.926,MPCB,2022-02-11 08:00:00,8,4,2,2022,0,78.6,24.0,59.2,1.56,53.5,0.0,944.5,962.0,1.21,0.907,0.56,SYNTHETIC,synthetic_demo_generator_v1
DEMO-HADAPSAR,Hadapsar,18.5089,73.926,MPCB,2022-02-11 09:00:00,9,4,2,2022,0,57.4,22.0,60.7,2.1,99.9,0.0,938.6,1476.0,1.105,0.933,0.56,SYNTHETIC,synthetic_demo_generator_v1
DEMO-HADAPSAR,Hadapsar,18.5089,73.926,MPCB,2022-02-11 10:00:00,10,4,2,2022,0,36.7,26.2,58.2,2.94,127.0,0.0,949.5,1684.0,1.0,0.956,0.56,SYNTHETIC,synthetic_demo_generator_v1
DEMO-HADAPSAR,Hadapsar,18.5089,73.926,MPCB,2022-02-11 11:00:00,11,4,2,2022,0,39.2,25.2,38.6,3.31,120.7,0.0,944.4,1549.0,0.93,0.975,0.56,SYNTHETIC,synthetic_demo_generator_v1
DEMO-HADAPSAR,Hadapsar,18.5089,73.926,MPCB,2022-02-11 13:00:00,13,4,2,2022,0,29.6,26.5,42.4,2.99,102.7,0.0,939.7,1891.0,0.86,0.997,0.56,SYNTHETIC,synthetic_demo_generator_v1
DEMO-HADAPSAR,Hadapsar,18.5089,73.926,MPCB,2022-02-11 14:00:00,14,4,2,2022,0,28.2,24.4,33.3,2.28,93.4,0.0,942.7,1649.0,0.846,1.0,0.56,SYNTHETIC,synthetic_demo_generator_v1
DEMO-HADAPSAR,Hadapsar,18.5089,73.926,MPCB,2022-02-11 15:00:00,15,4,2,2022,0,29.4,25.5,37.6,4.04,108.6,0.0,940.6,1278.0,0.874,0.997,0.56,SYNTHETIC,synthetic_demo_generator_v1
DEMO-HADAPSAR,Hadapsar,18.5089,73.926,MPCB,2022-02-11 16:00:00,16,4,2,2022,0,56.4,23.0,30.8,2.37,67.5,0.0,944.3,860.0,0.93,0.989,0.56,SYNTHETIC,synthetic_demo_generator_v1
DEMO-HADAPSAR,Hadapsar,18.5089,73.926,MPCB,2022-02-11 17:00:00,17,4,2,2022,0,141.1,21.9,37.2,2.06,71.1,0.0,941.7,413.0,1.0,0.975,0.56,SYNTHETIC,synthetic_demo_generator_v1
DEMO-HADAPSAR,Hadapsar,18.5089,73.926,MPCB,2022-02-11 18:00:00,18,4,2,2022,0,276.3,21.7,46.8,3.58,75.6,0.0,944.8,200.0,1.105,0.956,0.21,SYNTHETIC,synthetic_demo_generator_v1
DEMO-HADAPSAR,Hadapsar,18.5089,73.926,MPCB,2022-02-11 20:00:00,20,4,2,2022,0,278.7,14.4,35.0,3.78,44.9,0.0,943.4,200.0,1.14,0.907,0.21,SYNTHETIC,synthetic_demo_generator_v1
DEMO-HADAPSAR,Hadapsar,18.5089,73.926,MPCB,2022-02-11 21:00:00,21,4,2,2022,0,247.8,15.7,60.7,3.09,131.9,0.0,947.2,200.0,1.07,0.879,0.21,SYNTHETIC,synthetic_demo_generator_v1
DEMO-HADAPSAR,Hadapsar,18.5089,73.926,MPCB,2022-02-11 22:00:00,22,4,2,2022,0,215.1,13.7,44.5,1.84,33.7,0.0,944.1,200.0,1.0,0.3,0.21,SYNTHETIC,synthetic_demo_generator_v1
DEMO-HADAPSAR,Hadapsar,18.5089,73.926,MPCB,2022-02-11 23:00:00,23,4,2,2022,0,181.1,9.7,54.4,2.87,92.5,0.0,943.7,200.0,0.93,0.3,0.21,SYNTHETIC,synthetic_demo_generator_v1
DEMO-HADAPSAR,Hadapsar,18.5089,73.926,MPCB,2022-02-12 00:00:00,0,5,2,2022,1,190.7,13.6,33.5,2.16,34.7,0.0,940.4,200.0,0.835,0.4,0.21,SYNTHETIC,synthetic_demo_generator_v1
DEMO-HADAPSAR,Hadapsar,18.5089,73.926,MPCB,2022-02-12 01:00:00,1,5,2,2022,1,178.4,13.1,42.1,3.72,90.2,0.0,949.1,200.0,0.804,0.4,0.21,SYNTHETIC,synthetic_demo_generator_v1
DEMO-HADAPSAR,Hadapsar,18.5089,73.926,MPCB,2022-02-12 02:00:00,2,5,2,2022,1,161.3,12.8,43.3,2.61,17.6,0.0,943.7,200.0,0.791,0.4,0.21,SYNTHETIC,synthetic_demo_generator_v1
DEMO-HADAPSAR,Hadapsar,18.5089,73.926,MPCB,2022-02-12 03:00:00,3,5,2,2022,1,148.8,12.6,45.6,2.58,109.4,0.0,939.6,200.0,0.785,0.4,0.21,SYNTHETIC,synthetic_demo_generator_v1
DEMO-HADAPSAR,Hadapsar,18.5089,73.926,MPCB,2022-02-12 04:00:00,4,5,2,2022,1,121.9,15.1,47.0,3.31,45.6,0.0,943.0,200.0,0.804,0.4,0.21,SYNTHETIC,synthetic_demo_generator_v1
DEMO-HADAPSAR,Hadapsar,18.5089,73.926,MPCB,2022-02-12 05:00:00,5,5,2,2022,1,164.9,16.0,31.6,4.1,76.5,0.0,940.9,200.0,0.867,0.4,0.21,SYNTHETIC,synthetic_demo_generator_v1
DEMO-HADAPSAR,Hadapsar,18.5089,73.926,MPCB,2022-02-12 06:00:00,6,5,2,2022,1,179.4,17.9,36.3,2.72,36.0,0.0,941.9,200.0,0.93,0.4,0.21,SYNTHETIC,synthetic_demo_generator_v1
DEMO-HADAPSAR,Hadapsar,18.5089,73.926,MPCB,2022-02-12 07:00:00,7,5,2,2022,1,111.3,22.4,53.4,1.43,54.6,0.0,943.5,581.0,1.056,0.4,0.21,SYNTHETIC,synthetic_demo_generator_v1
DEMO-HADAPSAR,Hadapsar,18.5089,73.926,MPCB,2022-02-12 08:00:00,8,5,2,2022,1,95.6,23.4,39.3,2.33,85.6,0.0,942.4,857.0,1.119,0.4,0.56,SYNTHETIC,synthetic_demo_generator_v1
DEMO-HADAPSAR,Hadapsar,18.5089,73.926,MPCB,2022-02-12 09:00:00,9,5,2,2022,1,68.2,23.1,52.3,0.31,137.3,0.0,945.6,1179.0,1.024,0.4,0.56,SYNTHETIC,synthetic_demo_generator_v1
DEMO-HADAPSAR,Hadapsar,18.5089,73.926,MPCB,2022-02-12 10:00:00,10,5,2,2022,1,34.8,26.2,30.7,1.42,69.5,0.0,943.4,1684.0,0.93,0.4,0.56,SYNTHETIC,synthetic_demo_generator_v1
DEMO-HADAPSAR,Hadapsar,18.5089,73.926,MPCB,2022-02-12 11:00:00,11,5,2,2022,1,24.5,25.4,51.6,1.68,96.3,0.0,942.9,1625.0,0.867,0.4,0.56,SYNTHETIC,synthetic_demo_generator_v1
DEMO-HADAPSAR,Hadapsar,18.5089,73.926,MPCB,2022-02-12 12:00:00,12,5,2,2022,1,20.8,26.1,40.9,2.47,86.5,0.0,944.0,1656.0,0.835,0.4,0.56,SYNTHETIC,synthetic_demo_generator_v1
DEMO-HADAPSAR,Hadapsar,18.5089,73.926,MPCB,2022-02-12 13:00:00,13,5,2,2022,1,30.1,24.5,43.1,2.24,113.4,0.0,944.8,1656.0,0.804,0.4,0.56,SYNTHETIC,synthetic_demo_generator_v1
DEMO-HADAPSAR,Hadapsar,18.5089,73.926,MPCB,2022-02-12 14:00:00,14,5,2,2022,1,18.9,23.3,51.2,2.51,107.7,0.0,942.7,1616.0,0.791,0.4,0.56,SYNTHETIC,synthetic_demo_generator_v1
DEMO-HADAPSAR,Hadapsar,18.5089,73.926,MPCB,2022-02-12 15:00:00,15,5,2,2022,1,28.3,26.2,36.4,4.29,78.5,0.0,941.1,1400.0,0.817,0.4,0.56,SYNTHETIC,synthetic_demo_generator_v1
DEMO-HADAPSAR,Hadapsar,18.5089,73.926,MPCB,2022-02-12 16:00:00,16,5,2,2022,1,53.6,24.1,41.4,2.52,75.8,0.0,944.4,871.0,0.867,0.4,0.56,SYNTHETIC,synthetic_demo_generator_v1
DEMO-HADAPSAR,Hadapsar,18.5089,73.926,MPCB,2022-02-12 17:00:00,17,5,2,2022,1,145.2,19.9,37.0,1.22,65.1,0.0,944.9,402.0,0.93,0.4,0.56,SYNTHETIC,synthetic_demo_generator_v1
DEMO-HADAPSAR,Hadapsar,18.5089,73.926,MPCB,2022-02-12 18:00:00,18,5,2,2022,1,186.2,17.7,39.7,3.0,111.6,0.0,943.4,200.0,1.024,0.4,0.21,SYNTHETIC,synthetic_demo_generator_v1
DEMO-HADAPSAR,Hadapsar,18.5089,73.926,MPCB,2022-02-12 19:00:00,19,5,2,2022,1,262.9,18.5,41.2,2.83,112.1,0.0,939.1,200.0,1.087,0.4,0.21,SYNTHETIC,synthetic_demo_generator_v1
DEMO-HADAPSAR,Hadapsar,18.5089,73.926,MPCB,2022-02-12 20:00:00,20,5,2,2022,1,271.2,14.2,43.2,2.41,59.6,0.0,936.9,200.0,1.056,0.4,0.21,SYNTHETIC,synthetic_demo_generator_v1
DEMO-HADAPSAR,Hadapsar,18.5089,73.926,MPCB,2022-02-12 21:00:00,21,5,2,2022,1,213.5,14.8,37.6,3.22,123.9,0.0,941.8,200.0,0.993,0.4,0.21,SYNTHETIC,synthetic_demo_generator_v1
DEMO-HADAPSAR,Hadapsar,18.5089,73.926,MPCB,2022-02-12 22:00:00,22,5,2,2022,1,226.1,12.4,46.9,1.87,82.9,0.0,940.7,200.0,0.93,0.4,0.21,SYNTHETIC,synthetic_demo_generator_v1
DEMO-HADAPSAR,Hadapsar,18.5089,73.926,MPCB,2022-02-12 23:00:00,23,5,2,2022,1,169.1,10.6,40.2,1.3,121.8,0.0,939.2,200.0,0.867,0.4,0.21,SYNTHETIC,synthetic_demo_generator_v1
DEMO-HADAPSAR,Hadapsar,18.5089,73.926,MPCB,2022-02-13 00:00:00,0,6,2,2022,1,127.1,10.0,43.1,2.66,88.4,0.0,944.5,332.0,0.835,0.4,0.21,SYNTHETIC,synthetic_demo_generator_v1
DEMO-HADAPSAR,Hadapsar,18.5089,73.926,MPCB,2022-02-13 01:00:00,1,6,2,2022,1,165.4,10.2,52.1,2.53,78.7,0.0,941.0,200.0,0.804,0.4,0.21,SYNTHETIC,synthetic_demo_generator_v1
DEMO-HADAPSAR,Hadapsar,18.5089,73.926,MPCB,2022-02-13 02:00:00,2,6,2,2022,1,149.1,13.6,39.3,2.13,110.4,0.0,946.4,200.0,0.791,0.4,0.21,SYNTHETIC,synthetic_demo_generator_v1
DEMO-HADAPSAR,Hadapsar,18.5089,73.926,MPCB,2022-02-13 03:00:00,3,6,2,2022,1,144.5,14.2,43.4,1.9,104.4,0.0,943.5,200.0,0.785,0.4,0.21,SYNTHETIC,synthetic_demo_generator_v1
DEMO-HADAPSAR,Hadapsar,18.5089,73.926,MPCB,2022-02-13 04:00:00,4,6,2,2022,1,169.8,12.7,47.2,1.99,114.6,0.0,943.0,203.0,0.804,0.4,0.21,SYNTHETIC,synthetic_demo_generator_v1
DEMO-HADAPSAR,Hadapsar,18.5089,73.926,MPCB,2022-02-13 05:00:00,5,6,2,2022,1,212.9,17.8,46.3,2.07,88.9,0.0,943.8,200.0,0.867,0.4,0.21,SYNTHETIC,synthetic_demo_generator_v1
DEMO-HADAPSAR,Hadapsar,18.5089,73.926,MPCB,2022-02-13 06:00:00,6,6,2,2022,1,159.4,18.7,47.9,3.36,136.1,0.0,943.1,200.0,0.93,0.4,0.21,SYNTHETIC,synthetic_demo_generator_v1
DEMO-HADAPSAR,Hadapsar,18.5089,73.926,MPCB,2022-02-13 07:00:00,7,6,2,2022,1,82.7,20.6,35.2,3.21,105.4,0.0,942.4,573.0,1.056,0.4,0.21,SYNTHETIC,synthetic_demo_generator_v1
DEMO-HADAPSAR,Hadapsar,18.5089,73.926,MPCB,2022-02-13 08:00:00,8,6,2,2022,1,84.9,20.1,42.3,2.36,113.9,0.0,943.7,741.0,1.119,0.4,0.56,SYNTHETIC,synthetic_demo_generator_v1
DEMO-HADAPSAR,Hadapsar,18.5089,73.926,MPCB,2022-02-13 09:00:00,9,6,2,2022,1,77.2,23.4,52.7,1.85,94.2,0.0,943.6,1235.0,1.024,0.4,0.56,SYNTHETIC,synthetic_demo_generator_v1
DEMO-HADAPSAR,Hadapsar,18.5089,73.926,MPCB,2022-02-13 10:00:00,10,6,2,2022,1,56.2,25.0,35.4,0.34,128.5,0.0,941.5,1279.0,0.93,0.4,0.56,SYNTHETIC,synthetic_demo_generator_v1
DEMO-HADAPSAR,Hadapsar,18.5089,73.926,MPCB,2022-02-13 11:00:00,11,6,2,2022,1,29.1,28.2,47.6,3.57,54.8,0.0,938.6,2007.0,0.867,0.4,0.56,SYNTHETIC,synthetic_demo_generator_v1
DEMO-HADAPSAR,Hadapsar,18.5089,73.926,MPCB,2022-02-13 12:00:00,12,6,2,2022,1,24.3,26.8,44.7,2.86,87.4,0.0,944.8,2128.0,0.835,0.4,0.56,SYNTHETIC,synthetic_demo_generator_v1
DEMO-HADAPSAR,Hadapsar,18.5089,73.926,MPCB,2022-02-13 14:00:00,14,6,2,2022,1,28.1,24.0,39.4,2.49,103.9,0.0,939.5,1492.0,0.791,0.4,0.56,SYNTHETIC,synthetic_demo_generator_v1
DEMO-HADAPSAR,Hadapsar,18.5089,73.926,MPCB,2022-02-13 16:00:00,16,6,2,2022,1,53.0,22.6,48.9,2.36,98.8,0.0,944.5,687.0,0.867,0.4,0.56,SYNTHETIC,synthetic_demo_generator_v1
DEMO-HADAPSAR,Hadapsar,18.5089,73.926,MPCB,2022-02-13 17:00:00,17,6,2,2022,1,69.5,22.4,43.7,1.88,20.7,0.0,945.0,766.0,0.93,0.4,0.56,SYNTHETIC,synthetic_demo_generator_v1
